"Barcode"	"WellRow"	"WellColumn"	"ReadoutValue"	"BackgroundValue"
"plate_1"	"C"	3	100	0
"plate_1"	"D"	4	100	0
"plate_1"	"E"	5	100	0
"plate_1"	"F"	6	100	0
"plate_1"	"G"	7	100	0
"plate_1"	"H"	3	100	0
"plate_1"	"I"	4	100	0
"plate_1"	"J"	5	100	0
"plate_1"	"K"	6	100	0
"plate_1"	"L"	7	100	0
"plate_1"	"M"	3	100	0
"plate_1"	"N"	4	100	0
"plate_1"	"O"	5	100	0
"plate_1"	"P"	6	100	0
"plate_1"	"Q"	7	100	0
"plate_1"	"R"	3	100	0
"plate_1"	"S"	4	100	0
"plate_1"	"T"	5	100	0
"plate_1"	"U"	6	100	0
"plate_1"	"V"	7	100	0
"plate_2"	"C"	3	100	0
"plate_2"	"D"	4	100	0
"plate_2"	"E"	5	100	0
"plate_2"	"F"	6	100	0
"plate_2"	"G"	7	100	0
"plate_2"	"H"	3	100	0
"plate_2"	"I"	4	100	0
"plate_2"	"J"	5	100	0
"plate_2"	"K"	6	100	0
"plate_2"	"L"	7	100	0
"plate_2"	"M"	3	100	0
"plate_2"	"N"	4	100	0
"plate_2"	"O"	5	100	0
"plate_2"	"P"	6	100	0
"plate_2"	"Q"	7	100	0
"plate_2"	"R"	3	100	0
"plate_2"	"S"	4	100	0
"plate_2"	"T"	5	100	0
"plate_2"	"U"	6	100	0
"plate_2"	"V"	7	100	0
"plate_3"	"C"	3	100	0
"plate_3"	"D"	4	100	0
"plate_3"	"E"	5	100	0
"plate_3"	"F"	6	100	0
"plate_3"	"G"	7	100	0
"plate_3"	"H"	3	100	0
"plate_3"	"I"	4	100	0
"plate_3"	"J"	5	100	0
"plate_3"	"K"	6	100	0
"plate_3"	"L"	7	100	0
"plate_3"	"M"	3	100	0
"plate_3"	"N"	4	100	0
"plate_3"	"O"	5	100	0
"plate_3"	"P"	6	100	0
"plate_3"	"Q"	7	100	0
"plate_3"	"R"	3	100	0
"plate_3"	"S"	4	100	0
"plate_3"	"T"	5	100	0
"plate_3"	"U"	6	100	0
"plate_3"	"V"	7	100	0
"plate_1"	"W"	3	100	0
"plate_1"	"X"	4	100	0
"plate_1"	"Y"	5	100	0
"plate_1"	"Z"	6	100	0
"plate_1"	NA	7	100	0
"plate_1"	NA	3	100	0
"plate_1"	NA	4	100	0
"plate_1"	NA	5	100	0
"plate_1"	NA	6	100	0
"plate_1"	NA	7	100	0
"plate_1"	NA	3	100	0
"plate_1"	NA	4	100	0
"plate_1"	NA	5	100	0
"plate_1"	NA	6	100	0
"plate_1"	NA	7	100	0
"plate_1"	NA	3	100	0
"plate_1"	NA	4	100	0
"plate_1"	NA	5	100	0
"plate_1"	NA	6	100	0
"plate_1"	NA	7	100	0
"plate_2"	"W"	3	100	0
"plate_2"	"X"	4	100	0
"plate_2"	"Y"	5	100	0
"plate_2"	"Z"	6	100	0
"plate_2"	NA	7	100	0
"plate_2"	NA	3	100	0
"plate_2"	NA	4	100	0
"plate_2"	NA	5	100	0
"plate_2"	NA	6	100	0
"plate_2"	NA	7	100	0
"plate_2"	NA	3	100	0
"plate_2"	NA	4	100	0
"plate_2"	NA	5	100	0
"plate_2"	NA	6	100	0
"plate_2"	NA	7	100	0
"plate_2"	NA	3	100	0
"plate_2"	NA	4	100	0
"plate_2"	NA	5	100	0
"plate_2"	NA	6	100	0
"plate_2"	NA	7	100	0
"plate_3"	"W"	3	100	0
"plate_3"	"X"	4	100	0
"plate_3"	"Y"	5	100	0
"plate_3"	"Z"	6	100	0
"plate_3"	NA	7	100	0
"plate_3"	NA	3	100	0
"plate_3"	NA	4	100	0
"plate_3"	NA	5	100	0
"plate_3"	NA	6	100	0
"plate_3"	NA	7	100	0
"plate_3"	NA	3	100	0
"plate_3"	NA	4	100	0
"plate_3"	NA	5	100	0
"plate_3"	NA	6	100	0
"plate_3"	NA	7	100	0
"plate_3"	NA	3	100	0
"plate_3"	NA	4	100	0
"plate_3"	NA	5	100	0
"plate_3"	NA	6	100	0
"plate_3"	NA	7	100	0
"plate_1"	NA	3	97.7	0
"plate_1"	NA	4	100	0
"plate_1"	NA	5	100	0
"plate_1"	NA	6	100	0
"plate_1"	"C"	7	97.1	0
"plate_1"	"D"	3	99.7	0
"plate_1"	"E"	4	100	0
"plate_1"	"F"	5	100	0
"plate_1"	"G"	6	100	0
"plate_1"	"H"	7	98.5	0
"plate_1"	"I"	3	100	0
"plate_1"	"J"	4	100	0
"plate_1"	"K"	5	99.3	0
"plate_1"	"L"	6	100	0
"plate_1"	"M"	7	99.3	0
"plate_1"	"N"	3	100	0
"plate_1"	"O"	4	100	0
"plate_1"	"P"	5	99.7	0
"plate_1"	"Q"	6	99.1	0
"plate_1"	"R"	7	92.2	0
"plate_2"	NA	3	97.7	0
"plate_2"	NA	4	100	0
"plate_2"	NA	5	100	0
"plate_2"	NA	6	100	0
"plate_2"	"C"	7	97.1	0
"plate_2"	"D"	3	99.7	0
"plate_2"	"E"	4	100	0
"plate_2"	"F"	5	100	0
"plate_2"	"G"	6	100	0
"plate_2"	"H"	7	98.5	0
"plate_2"	"I"	3	100	0
"plate_2"	"J"	4	100	0
"plate_2"	"K"	5	99.3	0
"plate_2"	"L"	6	100	0
"plate_2"	"M"	7	99.3	0
"plate_2"	"N"	3	100	0
"plate_2"	"O"	4	100	0
"plate_2"	"P"	5	99.7	0
"plate_2"	"Q"	6	99.1	0
"plate_2"	"R"	7	92.2	0
"plate_3"	NA	3	97.7	0
"plate_3"	NA	4	100	0
"plate_3"	NA	5	100	0
"plate_3"	NA	6	100	0
"plate_3"	"C"	7	97.1	0
"plate_3"	"D"	3	99.7	0
"plate_3"	"E"	4	100	0
"plate_3"	"F"	5	100	0
"plate_3"	"G"	6	100	0
"plate_3"	"H"	7	98.5	0
"plate_3"	"I"	3	100	0
"plate_3"	"J"	4	100	0
"plate_3"	"K"	5	99.3	0
"plate_3"	"L"	6	100	0
"plate_3"	"M"	7	99.3	0
"plate_3"	"N"	3	100	0
"plate_3"	"O"	4	100	0
"plate_3"	"P"	5	99.7	0
"plate_3"	"Q"	6	99.1	0
"plate_3"	"R"	7	92.2	0
"plate_1"	"S"	3	84.2	0
"plate_1"	"T"	4	99.7	0
"plate_1"	"U"	5	100	0
"plate_1"	"V"	6	100	0
"plate_1"	"W"	7	78.6	0
"plate_1"	"X"	3	96.1	0
"plate_1"	"Y"	4	100	0
"plate_1"	"Z"	5	100	0
"plate_1"	NA	6	99.6	0
"plate_1"	NA	7	88	0
"plate_1"	NA	3	99.4	0
"plate_1"	NA	4	99.8	0
"plate_1"	NA	5	93.6	0
"plate_1"	NA	6	99.7	0
"plate_1"	NA	7	91.9	0
"plate_1"	NA	3	99.9	0
"plate_1"	NA	4	99.9	0
"plate_1"	NA	5	96.3	0
"plate_1"	NA	6	93.2	0
"plate_1"	NA	7	65.7	0
"plate_2"	"S"	3	84.2	0
"plate_2"	"T"	4	99.7	0
"plate_2"	"U"	5	100	0
"plate_2"	"V"	6	100	0
"plate_2"	"W"	7	78.6	0
"plate_2"	"X"	3	96.1	0
"plate_2"	"Y"	4	100	0
"plate_2"	"Z"	5	100	0
"plate_2"	NA	6	99.6	0
"plate_2"	NA	7	88	0
"plate_2"	NA	3	99.4	0
"plate_2"	NA	4	99.8	0
"plate_2"	NA	5	93.6	0
"plate_2"	NA	6	99.7	0
"plate_2"	NA	7	91.9	0
"plate_2"	NA	3	99.9	0
"plate_2"	NA	4	99.9	0
"plate_2"	NA	5	96.3	0
"plate_2"	NA	6	93.2	0
"plate_2"	NA	7	65.7	0
"plate_3"	"S"	3	84.2	0
"plate_3"	"T"	4	99.7	0
"plate_3"	"U"	5	100	0
"plate_3"	"V"	6	100	0
"plate_3"	"W"	7	78.6	0
"plate_3"	"X"	3	96.1	0
"plate_3"	"Y"	4	100	0
"plate_3"	"Z"	5	100	0
"plate_3"	NA	6	99.6	0
"plate_3"	NA	7	88	0
"plate_3"	NA	3	99.4	0
"plate_3"	NA	4	99.8	0
"plate_3"	NA	5	93.6	0
"plate_3"	NA	6	99.7	0
"plate_3"	NA	7	91.9	0
"plate_3"	NA	3	99.9	0
"plate_3"	NA	4	99.9	0
"plate_3"	NA	5	96.3	0
"plate_3"	NA	6	93.2	0
"plate_3"	NA	7	65.7	0
"plate_1"	NA	3	67.3	0
"plate_1"	NA	4	95.5	0
"plate_1"	NA	5	99.5	0
"plate_1"	NA	6	99.9	0
"plate_1"	NA	7	54.6	0
"plate_1"	NA	3	81.4	0
"plate_1"	NA	4	99.5	0
"plate_1"	NA	5	99.6	0
"plate_1"	"C"	6	95.2	0
"plate_1"	"D"	7	74.4	0
"plate_1"	"E"	3	91.5	0
"plate_1"	"F"	4	96.3	0
"plate_1"	"G"	5	73.2	0
"plate_1"	"H"	6	96.2	0
"plate_1"	"I"	7	66.7	0
"plate_1"	"J"	3	97.9	0
"plate_1"	"K"	4	98.5	0
"plate_1"	"L"	5	76.6	0
"plate_1"	"M"	6	78.9	0
"plate_1"	"N"	7	47.6	0
"plate_2"	NA	3	67.3	0
"plate_2"	NA	4	95.5	0
"plate_2"	NA	5	99.5	0
"plate_2"	NA	6	99.9	0
"plate_2"	NA	7	54.6	0
"plate_2"	NA	3	81.4	0
"plate_2"	NA	4	99.5	0
"plate_2"	NA	5	99.6	0
"plate_2"	"C"	6	95.2	0
"plate_2"	"D"	7	74.4	0
"plate_2"	"E"	3	91.5	0
"plate_2"	"F"	4	96.3	0
"plate_2"	"G"	5	73.2	0
"plate_2"	"H"	6	96.2	0
"plate_2"	"I"	7	66.7	0
"plate_2"	"J"	3	97.9	0
"plate_2"	"K"	4	98.5	0
"plate_2"	"L"	5	76.6	0
"plate_2"	"M"	6	78.9	0
"plate_2"	"N"	7	47.6	0
"plate_3"	NA	3	67.3	0
"plate_3"	NA	4	95.5	0
"plate_3"	NA	5	99.5	0
"plate_3"	NA	6	99.9	0
"plate_3"	NA	7	54.6	0
"plate_3"	NA	3	81.4	0
"plate_3"	NA	4	99.5	0
"plate_3"	NA	5	99.6	0
"plate_3"	"C"	6	95.2	0
"plate_3"	"D"	7	74.4	0
"plate_3"	"E"	3	91.5	0
"plate_3"	"F"	4	96.3	0
"plate_3"	"G"	5	73.2	0
"plate_3"	"H"	6	96.2	0
"plate_3"	"I"	7	66.7	0
"plate_3"	"J"	3	97.9	0
"plate_3"	"K"	4	98.5	0
"plate_3"	"L"	5	76.6	0
"plate_3"	"M"	6	78.9	0
"plate_3"	"N"	7	47.6	0
"plate_1"	"O"	3	63.8	0
"plate_1"	"P"	4	84.2	0
"plate_1"	"Q"	5	92.8	0
"plate_1"	"R"	6	98.4	0
"plate_1"	"S"	7	50	0
"plate_1"	"T"	3	75.3	0
"plate_1"	"U"	4	95.2	0
"plate_1"	"V"	5	93.6	0
"plate_1"	"W"	6	80.7	0
"plate_1"	"X"	7	72.1	0
"plate_1"	"Y"	3	65.2	0
"plate_1"	"Z"	4	74.4	0
"plate_1"	NA	5	62.4	0
"plate_1"	NA	6	89.2	0
"plate_1"	NA	7	57.9	0
"plate_1"	NA	3	85.6	0
"plate_1"	NA	4	92.5	0
"plate_1"	NA	5	57.9	0
"plate_1"	NA	6	73.1	0
"plate_1"	NA	7	44.7	0
"plate_2"	"O"	3	63.8	0
"plate_2"	"P"	4	84.2	0
"plate_2"	"Q"	5	92.8	0
"plate_2"	"R"	6	98.4	0
"plate_2"	"S"	7	50	0
"plate_2"	"T"	3	75.3	0
"plate_2"	"U"	4	95.2	0
"plate_2"	"V"	5	93.6	0
"plate_2"	"W"	6	80.7	0
"plate_2"	"X"	7	72.1	0
"plate_2"	"Y"	3	65.2	0
"plate_2"	"Z"	4	74.4	0
"plate_2"	NA	5	62.4	0
"plate_2"	NA	6	89.2	0
"plate_2"	NA	7	57.9	0
"plate_2"	NA	3	85.6	0
"plate_2"	NA	4	92.5	0
"plate_2"	NA	5	57.9	0
"plate_2"	NA	6	73.1	0
"plate_2"	NA	7	44.7	0
"plate_3"	"O"	3	63.8	0
"plate_3"	"P"	4	84.2	0
"plate_3"	"Q"	5	92.8	0
"plate_3"	"R"	6	98.4	0
"plate_3"	"S"	7	50	0
"plate_3"	"T"	3	75.3	0
"plate_3"	"U"	4	95.2	0
"plate_3"	"V"	5	93.6	0
"plate_3"	"W"	6	80.7	0
"plate_3"	"X"	7	72.1	0
"plate_3"	"Y"	3	65.2	0
"plate_3"	"Z"	4	74.4	0
"plate_3"	NA	5	62.4	0
"plate_3"	NA	6	89.2	0
"plate_3"	NA	7	57.9	0
"plate_3"	NA	3	85.6	0
"plate_3"	NA	4	92.5	0
"plate_3"	NA	5	57.9	0
"plate_3"	NA	6	73.1	0
"plate_3"	NA	7	44.7	0
"plate_1"	NA	3	63.5	0
"plate_1"	NA	4	81.8	0
"plate_1"	NA	5	84.1	0
"plate_1"	NA	6	95.8	0
"plate_1"	NA	7	49.5	0
"plate_1"	NA	3	74.7	0
"plate_1"	NA	4	92.7	0
"plate_1"	NA	5	84.1	0
"plate_1"	NA	6	75.8	0
"plate_1"	NA	7	71.9	0
"plate_1"	NA	3	58.4	0
"plate_1"	NA	4	63.4	0
"plate_1"	"C"	5	61	0
"plate_1"	"D"	6	87.8	0
"plate_1"	"E"	7	57.1	0
"plate_1"	"F"	3	80.8	0
"plate_1"	"G"	4	90.7	0
"plate_1"	"H"	5	54.9	0
"plate_1"	"I"	6	72.4	0
"plate_1"	"J"	7	44.3	0
"plate_2"	NA	3	63.5	0
"plate_2"	NA	4	81.8	0
"plate_2"	NA	5	84.1	0
"plate_2"	NA	6	95.8	0
"plate_2"	NA	7	49.5	0
"plate_2"	NA	3	74.7	0
"plate_2"	NA	4	92.7	0
"plate_2"	NA	5	84.1	0
"plate_2"	NA	6	75.8	0
"plate_2"	NA	7	71.9	0
"plate_2"	NA	3	58.4	0
"plate_2"	NA	4	63.4	0
"plate_2"	"C"	5	61	0
"plate_2"	"D"	6	87.8	0
"plate_2"	"E"	7	57.1	0
"plate_2"	"F"	3	80.8	0
"plate_2"	"G"	4	90.7	0
"plate_2"	"H"	5	54.9	0
"plate_2"	"I"	6	72.4	0
"plate_2"	"J"	7	44.3	0
"plate_3"	NA	3	63.5	0
"plate_3"	NA	4	81.8	0
"plate_3"	NA	5	84.1	0
"plate_3"	NA	6	95.8	0
"plate_3"	NA	7	49.5	0
"plate_3"	NA	3	74.7	0
"plate_3"	NA	4	92.7	0
"plate_3"	NA	5	84.1	0
"plate_3"	NA	6	75.8	0
"plate_3"	NA	7	71.9	0
"plate_3"	NA	3	58.4	0
"plate_3"	NA	4	63.4	0
"plate_3"	"C"	5	61	0
"plate_3"	"D"	6	87.8	0
"plate_3"	"E"	7	57.1	0
"plate_3"	"F"	3	80.8	0
"plate_3"	"G"	4	90.7	0
"plate_3"	"H"	5	54.9	0
"plate_3"	"I"	6	72.4	0
"plate_3"	"J"	7	44.3	0
"plate_1"	"K"	3	63.5	0
"plate_1"	"L"	4	81.6	0
"plate_1"	"M"	5	83.2	0
"plate_1"	"N"	6	95.5	0
"plate_1"	"O"	7	49.5	0
"plate_1"	"P"	3	74.7	0
"plate_1"	"Q"	4	92.6	0
"plate_1"	"R"	5	83	0
"plate_1"	"S"	6	75.4	0
"plate_1"	"T"	7	71.8	0
"plate_1"	"U"	3	58	0
"plate_1"	"V"	4	62.6	0
"plate_1"	"W"	5	60.9	0
"plate_1"	"X"	6	87.7	0
"plate_1"	"Y"	7	57.1	0
"plate_1"	"Z"	3	80.6	0
"plate_1"	NA	4	90.6	0
"plate_1"	NA	5	54.6	0
"plate_1"	NA	6	72.3	0
"plate_1"	NA	7	44.3	0
"plate_2"	"K"	3	63.5	0
"plate_2"	"L"	4	81.6	0
"plate_2"	"M"	5	83.2	0
"plate_2"	"N"	6	95.5	0
"plate_2"	"O"	7	49.5	0
"plate_2"	"P"	3	74.7	0
"plate_2"	"Q"	4	92.6	0
"plate_2"	"R"	5	83	0
"plate_2"	"S"	6	75.4	0
"plate_2"	"T"	7	71.8	0
"plate_2"	"U"	3	58	0
"plate_2"	"V"	4	62.6	0
"plate_2"	"W"	5	60.9	0
"plate_2"	"X"	6	87.7	0
"plate_2"	"Y"	7	57.1	0
"plate_2"	"Z"	3	80.6	0
"plate_2"	NA	4	90.6	0
"plate_2"	NA	5	54.6	0
"plate_2"	NA	6	72.3	0
"plate_2"	NA	7	44.3	0
"plate_3"	"K"	3	63.5	0
"plate_3"	"L"	4	81.6	0
"plate_3"	"M"	5	83.2	0
"plate_3"	"N"	6	95.5	0
"plate_3"	"O"	7	49.5	0
"plate_3"	"P"	3	74.7	0
"plate_3"	"Q"	4	92.6	0
"plate_3"	"R"	5	83	0
"plate_3"	"S"	6	75.4	0
"plate_3"	"T"	7	71.8	0
"plate_3"	"U"	3	58	0
"plate_3"	"V"	4	62.6	0
"plate_3"	"W"	5	60.9	0
"plate_3"	"X"	6	87.7	0
"plate_3"	"Y"	7	57.1	0
"plate_3"	"Z"	3	80.6	0
"plate_3"	NA	4	90.6	0
"plate_3"	NA	5	54.6	0
"plate_3"	NA	6	72.3	0
"plate_3"	NA	7	44.3	0
"plate_1"	NA	3	63.5	0
"plate_1"	NA	4	81.6	0
"plate_1"	NA	5	83.1	0
"plate_1"	NA	6	95.5	0
"plate_1"	NA	7	49.5	0
"plate_1"	NA	3	74.7	0
"plate_1"	NA	4	92.5	0
"plate_1"	NA	5	82.9	0
"plate_1"	NA	6	75.3	0
"plate_1"	NA	7	71.8	0
"plate_1"	NA	3	58	0
"plate_1"	NA	4	62.5	0
"plate_1"	NA	5	60.9	0
"plate_1"	NA	6	87.7	0
"plate_1"	NA	7	57.1	0
"plate_1"	NA	3	80.6	0
"plate_1"	"C"	4	90.6	0
"plate_1"	"D"	5	54.6	0
"plate_1"	"E"	6	72.3	0
"plate_1"	"F"	7	44.3	0
"plate_2"	NA	3	63.5	0
"plate_2"	NA	4	81.6	0
"plate_2"	NA	5	83.1	0
"plate_2"	NA	6	95.5	0
"plate_2"	NA	7	49.5	0
"plate_2"	NA	3	74.7	0
"plate_2"	NA	4	92.5	0
"plate_2"	NA	5	82.9	0
"plate_2"	NA	6	75.3	0
"plate_2"	NA	7	71.8	0
"plate_2"	NA	3	58	0
"plate_2"	NA	4	62.5	0
"plate_2"	NA	5	60.9	0
"plate_2"	NA	6	87.7	0
"plate_2"	NA	7	57.1	0
"plate_2"	NA	3	80.6	0
"plate_2"	"C"	4	90.6	0
"plate_2"	"D"	5	54.6	0
"plate_2"	"E"	6	72.3	0
"plate_2"	"F"	7	44.3	0
"plate_3"	NA	3	63.5	0
"plate_3"	NA	4	81.6	0
"plate_3"	NA	5	83.1	0
"plate_3"	NA	6	95.5	0
"plate_3"	NA	7	49.5	0
"plate_3"	NA	3	74.7	0
"plate_3"	NA	4	92.5	0
"plate_3"	NA	5	82.9	0
"plate_3"	NA	6	75.3	0
"plate_3"	NA	7	71.8	0
"plate_3"	NA	3	58	0
"plate_3"	NA	4	62.5	0
"plate_3"	NA	5	60.9	0
"plate_3"	NA	6	87.7	0
"plate_3"	NA	7	57.1	0
"plate_3"	NA	3	80.6	0
"plate_3"	"C"	4	90.6	0
"plate_3"	"D"	5	54.6	0
"plate_3"	"E"	6	72.3	0
"plate_3"	"F"	7	44.3	0
"plate_1"	"G"	3	63.5	0
"plate_1"	"H"	4	81.6	0
"plate_1"	"I"	5	83.1	0
"plate_1"	"J"	6	95.5	0
"plate_1"	"K"	7	49.5	0
"plate_1"	"L"	3	74.7	0
"plate_1"	"M"	4	92.5	0
"plate_1"	"N"	5	82.9	0
"plate_1"	"O"	6	75.3	0
"plate_1"	"P"	7	71.8	0
"plate_1"	"Q"	3	58	0
"plate_1"	"R"	4	62.5	0
"plate_1"	"S"	5	60.9	0
"plate_1"	"T"	6	87.7	0
"plate_1"	"U"	7	57.1	0
"plate_1"	"V"	3	80.6	0
"plate_1"	"W"	4	90.6	0
"plate_1"	"X"	5	54.6	0
"plate_1"	"Y"	6	72.3	0
"plate_1"	"Z"	7	44.3	0
"plate_2"	"G"	3	63.5	0
"plate_2"	"H"	4	81.6	0
"plate_2"	"I"	5	83.1	0
"plate_2"	"J"	6	95.5	0
"plate_2"	"K"	7	49.5	0
"plate_2"	"L"	3	74.7	0
"plate_2"	"M"	4	92.5	0
"plate_2"	"N"	5	82.9	0
"plate_2"	"O"	6	75.3	0
"plate_2"	"P"	7	71.8	0
"plate_2"	"Q"	3	58	0
"plate_2"	"R"	4	62.5	0
"plate_2"	"S"	5	60.9	0
"plate_2"	"T"	6	87.7	0
"plate_2"	"U"	7	57.1	0
"plate_2"	"V"	3	80.6	0
"plate_2"	"W"	4	90.6	0
"plate_2"	"X"	5	54.6	0
"plate_2"	"Y"	6	72.3	0
"plate_2"	"Z"	7	44.3	0
"plate_3"	"G"	3	63.5	0
"plate_3"	"H"	4	81.6	0
"plate_3"	"I"	5	83.1	0
"plate_3"	"J"	6	95.5	0
"plate_3"	"K"	7	49.5	0
"plate_3"	"L"	3	74.7	0
"plate_3"	"M"	4	92.5	0
"plate_3"	"N"	5	82.9	0
"plate_3"	"O"	6	75.3	0
"plate_3"	"P"	7	71.8	0
"plate_3"	"Q"	3	58	0
"plate_3"	"R"	4	62.5	0
"plate_3"	"S"	5	60.9	0
"plate_3"	"T"	6	87.7	0
"plate_3"	"U"	7	57.1	0
"plate_3"	"V"	3	80.6	0
"plate_3"	"W"	4	90.6	0
"plate_3"	"X"	5	54.6	0
"plate_3"	"Y"	6	72.3	0
"plate_3"	"Z"	7	44.3	0
"plate_1"	NA	3	63.5	0
"plate_1"	NA	4	81.6	0
"plate_1"	NA	5	83.1	0
"plate_1"	NA	6	95.5	0
"plate_1"	NA	7	49.5	0
"plate_1"	NA	3	74.7	0
"plate_1"	NA	4	92.5	0
"plate_1"	NA	5	82.9	0
"plate_1"	NA	6	75.3	0
"plate_1"	NA	7	71.8	0
"plate_1"	NA	3	58	0
"plate_1"	NA	4	62.5	0
"plate_1"	NA	5	60.9	0
"plate_1"	NA	6	87.7	0
"plate_1"	NA	7	57.1	0
"plate_1"	NA	3	80.6	0
"plate_1"	NA	4	90.6	0
"plate_1"	NA	5	54.6	0
"plate_1"	NA	6	72.3	0
"plate_1"	NA	7	44.3	0
"plate_2"	NA	3	63.5	0
"plate_2"	NA	4	81.6	0
"plate_2"	NA	5	83.1	0
"plate_2"	NA	6	95.5	0
"plate_2"	NA	7	49.5	0
"plate_2"	NA	3	74.7	0
"plate_2"	NA	4	92.5	0
"plate_2"	NA	5	82.9	0
"plate_2"	NA	6	75.3	0
"plate_2"	NA	7	71.8	0
"plate_2"	NA	3	58	0
"plate_2"	NA	4	62.5	0
"plate_2"	NA	5	60.9	0
"plate_2"	NA	6	87.7	0
"plate_2"	NA	7	57.1	0
"plate_2"	NA	3	80.6	0
"plate_2"	NA	4	90.6	0
"plate_2"	NA	5	54.6	0
"plate_2"	NA	6	72.3	0
"plate_2"	NA	7	44.3	0
"plate_3"	NA	3	63.5	0
"plate_3"	NA	4	81.6	0
"plate_3"	NA	5	83.1	0
"plate_3"	NA	6	95.5	0
"plate_3"	NA	7	49.5	0
"plate_3"	NA	3	74.7	0
"plate_3"	NA	4	92.5	0
"plate_3"	NA	5	82.9	0
"plate_3"	NA	6	75.3	0
"plate_3"	NA	7	71.8	0
"plate_3"	NA	3	58	0
"plate_3"	NA	4	62.5	0
"plate_3"	NA	5	60.9	0
"plate_3"	NA	6	87.7	0
"plate_3"	NA	7	57.1	0
"plate_3"	NA	3	80.6	0
"plate_3"	NA	4	90.6	0
"plate_3"	NA	5	54.6	0
"plate_3"	NA	6	72.3	0
"plate_3"	NA	7	44.3	0
"plate_11"	"C"	3	79.3	0
"plate_11"	"D"	4	79.3	0
"plate_11"	"E"	5	49.6	0
"plate_11"	"F"	6	49.6	0
"plate_11"	"G"	7	99.1	0
"plate_11"	"H"	3	79.3	0
"plate_11"	"I"	4	79.3	0
"plate_11"	"J"	5	49.6	0
"plate_11"	"K"	6	49.6	0
"plate_11"	"L"	7	99.1	0
"plate_11"	"M"	3	79.3	0
"plate_11"	"N"	4	79.3	0
"plate_11"	"O"	5	49.6	0
"plate_11"	"P"	6	49.6	0
"plate_11"	"Q"	7	99.1	0
"plate_11"	"R"	3	79.3	0
"plate_11"	"S"	4	79.3	0
"plate_11"	"T"	5	49.6	0
"plate_11"	"U"	6	49.6	0
"plate_11"	"V"	7	99.1	0
"plate_21"	"C"	3	79.3	0
"plate_21"	"D"	4	79.3	0
"plate_21"	"E"	5	49.6	0
"plate_21"	"F"	6	49.6	0
"plate_21"	"G"	7	99.1	0
"plate_21"	"H"	3	79.3	0
"plate_21"	"I"	4	79.3	0
"plate_21"	"J"	5	49.6	0
"plate_21"	"K"	6	49.6	0
"plate_21"	"L"	7	99.1	0
"plate_21"	"M"	3	79.3	0
"plate_21"	"N"	4	79.3	0
"plate_21"	"O"	5	49.6	0
"plate_21"	"P"	6	49.6	0
"plate_21"	"Q"	7	99.1	0
"plate_21"	"R"	3	79.3	0
"plate_21"	"S"	4	79.3	0
"plate_21"	"T"	5	49.6	0
"plate_21"	"U"	6	49.6	0
"plate_21"	"V"	7	99.1	0
"plate_31"	"C"	3	79.3	0
"plate_31"	"D"	4	79.3	0
"plate_31"	"E"	5	49.6	0
"plate_31"	"F"	6	49.6	0
"plate_31"	"G"	7	99.1	0
"plate_31"	"H"	3	79.3	0
"plate_31"	"I"	4	79.3	0
"plate_31"	"J"	5	49.6	0
"plate_31"	"K"	6	49.6	0
"plate_31"	"L"	7	99.1	0
"plate_31"	"M"	3	79.3	0
"plate_31"	"N"	4	79.3	0
"plate_31"	"O"	5	49.6	0
"plate_31"	"P"	6	49.6	0
"plate_31"	"Q"	7	99.1	0
"plate_31"	"R"	3	79.3	0
"plate_31"	"S"	4	79.3	0
"plate_31"	"T"	5	49.6	0
"plate_31"	"U"	6	49.6	0
"plate_31"	"V"	7	99.1	0
"plate_11"	"W"	3	79.3	0
"plate_11"	"X"	4	79.3	0
"plate_11"	"Y"	5	49.6	0
"plate_11"	"Z"	6	49.6	0
"plate_11"	NA	7	99.1	0
"plate_11"	NA	3	79.3	0
"plate_11"	"C"	4	79.3	0
"plate_11"	"D"	5	49.6	0
"plate_11"	"E"	6	49.6	0
"plate_11"	"F"	7	99.1	0
"plate_11"	"G"	3	79.3	0
"plate_11"	"H"	4	79.3	0
"plate_11"	"I"	5	49.6	0
"plate_11"	"J"	6	49.6	0
"plate_11"	"K"	7	99.1	0
"plate_11"	"L"	3	79.3	0
"plate_11"	"M"	4	79.3	0
"plate_11"	"N"	5	49.6	0
"plate_11"	"O"	6	49.6	0
"plate_11"	"P"	7	99.1	0
"plate_21"	"W"	3	79.3	0
"plate_21"	"X"	4	79.3	0
"plate_21"	"Y"	5	49.6	0
"plate_21"	"Z"	6	49.6	0
"plate_21"	NA	7	99.1	0
"plate_21"	NA	3	79.3	0
"plate_21"	"C"	4	79.3	0
"plate_21"	"D"	5	49.6	0
"plate_21"	"E"	6	49.6	0
"plate_21"	"F"	7	99.1	0
"plate_21"	"G"	3	79.3	0
"plate_21"	"H"	4	79.3	0
"plate_21"	"I"	5	49.6	0
"plate_21"	"J"	6	49.6	0
"plate_21"	"K"	7	99.1	0
"plate_21"	"L"	3	79.3	0
"plate_21"	"M"	4	79.3	0
"plate_21"	"N"	5	49.6	0
"plate_21"	"O"	6	49.6	0
"plate_21"	"P"	7	99.1	0
"plate_31"	"W"	3	79.3	0
"plate_31"	"X"	4	79.3	0
"plate_31"	"Y"	5	49.6	0
"plate_31"	"Z"	6	49.6	0
"plate_31"	NA	7	99.1	0
"plate_31"	NA	3	79.3	0
"plate_31"	"C"	4	79.3	0
"plate_31"	"D"	5	49.6	0
"plate_31"	"E"	6	49.6	0
"plate_31"	"F"	7	99.1	0
"plate_31"	"G"	3	79.3	0
"plate_31"	"H"	4	79.3	0
"plate_31"	"I"	5	49.6	0
"plate_31"	"J"	6	49.6	0
"plate_31"	"K"	7	99.1	0
"plate_31"	"L"	3	79.3	0
"plate_31"	"M"	4	79.3	0
"plate_31"	"N"	5	49.6	0
"plate_31"	"O"	6	49.6	0
"plate_31"	"P"	7	99.1	0
"plate_11"	"Q"	3	76.9	0
"plate_11"	"R"	4	79.3	0
"plate_11"	"S"	5	49.6	0
"plate_11"	"T"	6	49.6	0
"plate_11"	"U"	7	95.3	0
"plate_11"	"V"	3	79	0
"plate_11"	"W"	4	79.3	0
"plate_11"	"X"	5	49.6	0
"plate_11"	"Y"	6	49.6	0
"plate_11"	"Z"	7	97.2	0
"plate_21"	"Q"	3	76.9	0
"plate_21"	"R"	4	79.3	0
"plate_21"	"S"	5	49.6	0
"plate_21"	"T"	6	49.6	0
"plate_21"	"U"	7	95.3	0
"plate_21"	"V"	3	79	0
"plate_21"	"W"	4	79.3	0
"plate_21"	"X"	5	49.6	0
"plate_21"	"Y"	6	49.6	0
"plate_21"	"Z"	7	97.2	0
"plate_31"	"Q"	3	76.9	0
"plate_31"	"R"	4	79.3	0
"plate_31"	"S"	5	49.6	0
"plate_31"	"T"	6	49.6	0
"plate_31"	"U"	7	95.3	0
"plate_31"	"V"	3	79	0
"plate_31"	"W"	4	79.3	0
"plate_31"	"X"	5	49.6	0
"plate_31"	"Y"	6	49.6	0
"plate_31"	"Z"	7	97.2	0
"plate_11"	NA	3	61.5	0
"plate_11"	NA	4	79	0
"plate_11"	"C"	5	49.6	0
"plate_11"	"D"	6	49.6	0
"plate_11"	"E"	7	68.4	0
"plate_11"	"F"	3	75.1	0
"plate_11"	"G"	4	79.3	0
"plate_11"	"H"	5	49.6	0
"plate_11"	"I"	6	49.3	0
"plate_11"	"J"	7	82.4	0
"plate_21"	NA	3	61.5	0
"plate_21"	NA	4	79	0
"plate_21"	"C"	5	49.6	0
"plate_21"	"D"	6	49.6	0
"plate_21"	"E"	7	68.4	0
"plate_21"	"F"	3	75.1	0
"plate_21"	"G"	4	79.3	0
"plate_21"	"H"	5	49.6	0
"plate_21"	"I"	6	49.3	0
"plate_21"	"J"	7	82.4	0
"plate_31"	NA	3	61.5	0
"plate_31"	NA	4	79	0
"plate_31"	"C"	5	49.6	0
"plate_31"	"D"	6	49.6	0
"plate_31"	"E"	7	68.4	0
"plate_31"	"F"	3	75.1	0
"plate_31"	"G"	4	79.3	0
"plate_31"	"H"	5	49.6	0
"plate_31"	"I"	6	49.3	0
"plate_31"	"J"	7	82.4	0
"plate_11"	"K"	3	40.6	0
"plate_11"	"L"	4	74.5	0
"plate_11"	"M"	5	49.2	0
"plate_11"	"N"	6	49.5	0
"plate_11"	"O"	7	30.4	0
"plate_11"	"P"	3	58.1	0
"plate_11"	"Q"	4	78.8	0
"plate_11"	"R"	5	49.3	0
"plate_11"	"S"	6	46.3	0
"plate_11"	"T"	7	61.9	0
"plate_21"	"K"	3	40.6	0
"plate_21"	"L"	4	74.5	0
"plate_21"	"M"	5	49.2	0
"plate_21"	"N"	6	49.5	0
"plate_21"	"O"	7	30.4	0
"plate_21"	"P"	3	58.1	0
"plate_21"	"Q"	4	78.8	0
"plate_21"	"R"	5	49.3	0
"plate_21"	"S"	6	46.3	0
"plate_21"	"T"	7	61.9	0
"plate_31"	"K"	3	40.6	0
"plate_31"	"L"	4	74.5	0
"plate_31"	"M"	5	49.2	0
"plate_31"	"N"	6	49.5	0
"plate_31"	"O"	7	30.4	0
"plate_31"	"P"	3	58.1	0
"plate_31"	"Q"	4	78.8	0
"plate_31"	"R"	5	49.3	0
"plate_31"	"S"	6	46.3	0
"plate_31"	"T"	7	61.9	0
"plate_11"	"U"	3	36.2	0
"plate_11"	"V"	4	61.5	0
"plate_11"	"W"	5	44.7	0
"plate_11"	"X"	6	48.5	0
"plate_11"	"Y"	7	22.9	0
"plate_11"	"Z"	3	50.6	0
"plate_11"	NA	4	74.1	0
"plate_11"	NA	5	45.2	0
"plate_11"	"C"	6	35.8	0
"plate_11"	"D"	7	58.3	0
"plate_21"	"U"	3	36.2	0
"plate_21"	"V"	4	61.5	0
"plate_21"	"W"	5	44.7	0
"plate_21"	"X"	6	48.5	0
"plate_21"	"Y"	7	22.9	0
"plate_21"	"Z"	3	50.6	0
"plate_21"	NA	4	74.1	0
"plate_21"	NA	5	45.2	0
"plate_21"	"C"	6	35.8	0
"plate_21"	"D"	7	58.3	0
"plate_31"	"U"	3	36.2	0
"plate_31"	"V"	4	61.5	0
"plate_31"	"W"	5	44.7	0
"plate_31"	"X"	6	48.5	0
"plate_31"	"Y"	7	22.9	0
"plate_31"	"Z"	3	50.6	0
"plate_31"	NA	4	74.1	0
"plate_31"	NA	5	45.2	0
"plate_31"	"C"	6	35.8	0
"plate_31"	"D"	7	58.3	0
"plate_11"	"E"	3	35.8	0
"plate_11"	"F"	4	58.6	0
"plate_11"	"G"	5	38.3	0
"plate_11"	"H"	6	46.8	0
"plate_11"	"I"	7	22.1	0
"plate_11"	"J"	3	49.9	0
"plate_11"	"K"	4	71.4	0
"plate_11"	"L"	5	38.3	0
"plate_11"	"M"	6	32	0
"plate_11"	"N"	7	58	0
"plate_21"	"E"	3	35.8	0
"plate_21"	"F"	4	58.6	0
"plate_21"	"G"	5	38.3	0
"plate_21"	"H"	6	46.8	0
"plate_21"	"I"	7	22.1	0
"plate_21"	"J"	3	49.9	0
"plate_21"	"K"	4	71.4	0
"plate_21"	"L"	5	38.3	0
"plate_21"	"M"	6	32	0
"plate_21"	"N"	7	58	0
"plate_31"	"E"	3	35.8	0
"plate_31"	"F"	4	58.6	0
"plate_31"	"G"	5	38.3	0
"plate_31"	"H"	6	46.8	0
"plate_31"	"I"	7	22.1	0
"plate_31"	"J"	3	49.9	0
"plate_31"	"K"	4	71.4	0
"plate_31"	"L"	5	38.3	0
"plate_31"	"M"	6	32	0
"plate_31"	"N"	7	58	0
"plate_11"	"O"	3	35.8	0
"plate_11"	"P"	4	58.3	0
"plate_11"	"Q"	5	37.7	0
"plate_11"	"R"	6	46.6	0
"plate_11"	"S"	7	22.1	0
"plate_11"	"T"	3	49.9	0
"plate_11"	"U"	4	71.2	0
"plate_11"	"V"	5	37.5	0
"plate_11"	"W"	6	31.7	0
"plate_11"	"X"	7	57.9	0
"plate_21"	"O"	3	35.8	0
"plate_21"	"P"	4	58.3	0
"plate_21"	"Q"	5	37.7	0
"plate_21"	"R"	6	46.6	0
"plate_21"	"S"	7	22.1	0
"plate_21"	"T"	3	49.9	0
"plate_21"	"U"	4	71.2	0
"plate_21"	"V"	5	37.5	0
"plate_21"	"W"	6	31.7	0
"plate_21"	"X"	7	57.9	0
"plate_31"	"O"	3	35.8	0
"plate_31"	"P"	4	58.3	0
"plate_31"	"Q"	5	37.7	0
"plate_31"	"R"	6	46.6	0
"plate_31"	"S"	7	22.1	0
"plate_31"	"T"	3	49.9	0
"plate_31"	"U"	4	71.2	0
"plate_31"	"V"	5	37.5	0
"plate_31"	"W"	6	31.7	0
"plate_31"	"X"	7	57.9	0
"plate_11"	"Y"	3	35.8	0
"plate_11"	"Z"	4	58.3	0
"plate_11"	NA	5	37.6	0
"plate_11"	NA	6	46.6	0
"plate_11"	"C"	7	22.1	0
"plate_11"	"D"	3	49.9	0
"plate_11"	"E"	4	71.1	0
"plate_11"	"F"	5	37.4	0
"plate_11"	"G"	6	31.7	0
"plate_11"	"H"	7	57.9	0
"plate_21"	"Y"	3	35.8	0
"plate_21"	"Z"	4	58.3	0
"plate_21"	NA	5	37.6	0
"plate_21"	NA	6	46.6	0
"plate_21"	"C"	7	22.1	0
"plate_21"	"D"	3	49.9	0
"plate_21"	"E"	4	71.1	0
"plate_21"	"F"	5	37.4	0
"plate_21"	"G"	6	31.7	0
"plate_21"	"H"	7	57.9	0
"plate_31"	"Y"	3	35.8	0
"plate_31"	"Z"	4	58.3	0
"plate_31"	NA	5	37.6	0
"plate_31"	NA	6	46.6	0
"plate_31"	"C"	7	22.1	0
"plate_31"	"D"	3	49.9	0
"plate_31"	"E"	4	71.1	0
"plate_31"	"F"	5	37.4	0
"plate_31"	"G"	6	31.7	0
"plate_31"	"H"	7	57.9	0
"plate_11"	"I"	3	35.8	0
"plate_11"	"J"	4	58.3	0
"plate_11"	"K"	5	37.6	0
"plate_11"	"L"	6	46.6	0
"plate_11"	"M"	7	22.1	0
"plate_11"	"N"	3	49.9	0
"plate_11"	"O"	4	71.1	0
"plate_11"	"P"	5	37.4	0
"plate_11"	"Q"	6	31.7	0
"plate_11"	"R"	7	57.9	0
"plate_21"	"I"	3	35.8	0
"plate_21"	"J"	4	58.3	0
"plate_21"	"K"	5	37.6	0
"plate_21"	"L"	6	46.6	0
"plate_21"	"M"	7	22.1	0
"plate_21"	"N"	3	49.9	0
"plate_21"	"O"	4	71.1	0
"plate_21"	"P"	5	37.4	0
"plate_21"	"Q"	6	31.7	0
"plate_21"	"R"	7	57.9	0
"plate_31"	"I"	3	35.8	0
"plate_31"	"J"	4	58.3	0
"plate_31"	"K"	5	37.6	0
"plate_31"	"L"	6	46.6	0
"plate_31"	"M"	7	22.1	0
"plate_31"	"N"	3	49.9	0
"plate_31"	"O"	4	71.1	0
"plate_31"	"P"	5	37.4	0
"plate_31"	"Q"	6	31.7	0
"plate_31"	"R"	7	57.9	0
"plate_11"	"S"	3	35.8	0
"plate_11"	"T"	4	58.3	0
"plate_11"	"U"	5	37.6	0
"plate_11"	"V"	6	46.6	0
"plate_11"	"W"	7	22.1	0
"plate_11"	"X"	3	49.9	0
"plate_11"	"Y"	4	71.1	0
"plate_11"	"Z"	5	37.4	0
"plate_11"	NA	6	31.7	0
"plate_11"	NA	7	57.9	0
"plate_21"	"S"	3	35.8	0
"plate_21"	"T"	4	58.3	0
"plate_21"	"U"	5	37.6	0
"plate_21"	"V"	6	46.6	0
"plate_21"	"W"	7	22.1	0
"plate_21"	"X"	3	49.9	0
"plate_21"	"Y"	4	71.1	0
"plate_21"	"Z"	5	37.4	0
"plate_21"	NA	6	31.7	0
"plate_21"	NA	7	57.9	0
"plate_31"	"S"	3	35.8	0
"plate_31"	"T"	4	58.3	0
"plate_31"	"U"	5	37.6	0
"plate_31"	"V"	6	46.6	0
"plate_31"	"W"	7	22.1	0
"plate_31"	"X"	3	49.9	0
"plate_31"	"Y"	4	71.1	0
"plate_31"	"Z"	5	37.4	0
"plate_31"	NA	6	31.7	0
"plate_31"	NA	7	57.9	0
