Barcode	clid	CellLineName	Tissue	ReferenceDivisionTime	Gnumber	DrugName	drug_moa	Concentration	ReadoutValue	BackgroundValue	Duration	E2
plate_1	CL00011	cellline_BA	tissue_x	26	vehicle	vehicle	vehicle	0	100	0	72	0.1
plate_1	CL00012	cellline_CA	tissue_x	30	vehicle	vehicle	vehicle	0	100	0	72	0.1
plate_1	CL00013	cellline_DA	tissue_x	34	vehicle	vehicle	vehicle	0	100	0	72	0.1
plate_1	CL00014	cellline_EA	tissue_x	38	vehicle	vehicle	vehicle	0	100	0	72	0.1
plate_1	CL00015	cellline_FA	tissue_x	42	vehicle	vehicle	vehicle	0	100	0	72	0.1
plate_1	CL00011	cellline_BA	tissue_x	26	vehicle	vehicle	vehicle	0	100	0	72	0.1
plate_1	CL00012	cellline_CA	tissue_x	30	vehicle	vehicle	vehicle	0	100	0	72	0.1
plate_1	CL00013	cellline_DA	tissue_x	34	vehicle	vehicle	vehicle	0	100	0	72	0.1
plate_1	CL00014	cellline_EA	tissue_x	38	vehicle	vehicle	vehicle	0	100	0	72	0.1
plate_1	CL00015	cellline_FA	tissue_x	42	vehicle	vehicle	vehicle	0	100	0	72	0.1
plate_1	CL00011	cellline_BA	tissue_x	26	vehicle	vehicle	vehicle	0	100	0	72	0.1
plate_1	CL00012	cellline_CA	tissue_x	30	vehicle	vehicle	vehicle	0	100	0	72	0.1
plate_1	CL00013	cellline_DA	tissue_x	34	vehicle	vehicle	vehicle	0	100	0	72	0.1
plate_1	CL00014	cellline_EA	tissue_x	38	vehicle	vehicle	vehicle	0	100	0	72	0.1
plate_1	CL00015	cellline_FA	tissue_x	42	vehicle	vehicle	vehicle	0	100	0	72	0.1
plate_1	CL00011	cellline_BA	tissue_x	26	vehicle	vehicle	vehicle	0	100	0	72	0.1
plate_1	CL00012	cellline_CA	tissue_x	30	vehicle	vehicle	vehicle	0	100	0	72	0.1
plate_1	CL00013	cellline_DA	tissue_x	34	vehicle	vehicle	vehicle	0	100	0	72	0.1
plate_1	CL00014	cellline_EA	tissue_x	38	vehicle	vehicle	vehicle	0	100	0	72	0.1
plate_1	CL00015	cellline_FA	tissue_x	42	vehicle	vehicle	vehicle	0	100	0	72	0.1
plate_2	CL00011	cellline_BA	tissue_x	26	vehicle	vehicle	vehicle	0	100	0	72	0.1
plate_2	CL00012	cellline_CA	tissue_x	30	vehicle	vehicle	vehicle	0	100	0	72	0.1
plate_2	CL00013	cellline_DA	tissue_x	34	vehicle	vehicle	vehicle	0	100	0	72	0.1
plate_2	CL00014	cellline_EA	tissue_x	38	vehicle	vehicle	vehicle	0	100	0	72	0.1
plate_2	CL00015	cellline_FA	tissue_x	42	vehicle	vehicle	vehicle	0	100	0	72	0.1
plate_2	CL00011	cellline_BA	tissue_x	26	vehicle	vehicle	vehicle	0	100	0	72	0.1
plate_2	CL00012	cellline_CA	tissue_x	30	vehicle	vehicle	vehicle	0	100	0	72	0.1
plate_2	CL00013	cellline_DA	tissue_x	34	vehicle	vehicle	vehicle	0	100	0	72	0.1
plate_2	CL00014	cellline_EA	tissue_x	38	vehicle	vehicle	vehicle	0	100	0	72	0.1
plate_2	CL00015	cellline_FA	tissue_x	42	vehicle	vehicle	vehicle	0	100	0	72	0.1
plate_2	CL00011	cellline_BA	tissue_x	26	vehicle	vehicle	vehicle	0	100	0	72	0.1
plate_2	CL00012	cellline_CA	tissue_x	30	vehicle	vehicle	vehicle	0	100	0	72	0.1
plate_2	CL00013	cellline_DA	tissue_x	34	vehicle	vehicle	vehicle	0	100	0	72	0.1
plate_2	CL00014	cellline_EA	tissue_x	38	vehicle	vehicle	vehicle	0	100	0	72	0.1
plate_2	CL00015	cellline_FA	tissue_x	42	vehicle	vehicle	vehicle	0	100	0	72	0.1
plate_2	CL00011	cellline_BA	tissue_x	26	vehicle	vehicle	vehicle	0	100	0	72	0.1
plate_2	CL00012	cellline_CA	tissue_x	30	vehicle	vehicle	vehicle	0	100	0	72	0.1
plate_2	CL00013	cellline_DA	tissue_x	34	vehicle	vehicle	vehicle	0	100	0	72	0.1
plate_2	CL00014	cellline_EA	tissue_x	38	vehicle	vehicle	vehicle	0	100	0	72	0.1
plate_2	CL00015	cellline_FA	tissue_x	42	vehicle	vehicle	vehicle	0	100	0	72	0.1
plate_3	CL00011	cellline_BA	tissue_x	26	vehicle	vehicle	vehicle	0	100	0	72	0.1
plate_3	CL00012	cellline_CA	tissue_x	30	vehicle	vehicle	vehicle	0	100	0	72	0.1
plate_3	CL00013	cellline_DA	tissue_x	34	vehicle	vehicle	vehicle	0	100	0	72	0.1
plate_3	CL00014	cellline_EA	tissue_x	38	vehicle	vehicle	vehicle	0	100	0	72	0.1
plate_3	CL00015	cellline_FA	tissue_x	42	vehicle	vehicle	vehicle	0	100	0	72	0.1
plate_3	CL00011	cellline_BA	tissue_x	26	vehicle	vehicle	vehicle	0	100	0	72	0.1
plate_3	CL00012	cellline_CA	tissue_x	30	vehicle	vehicle	vehicle	0	100	0	72	0.1
plate_3	CL00013	cellline_DA	tissue_x	34	vehicle	vehicle	vehicle	0	100	0	72	0.1
plate_3	CL00014	cellline_EA	tissue_x	38	vehicle	vehicle	vehicle	0	100	0	72	0.1
plate_3	CL00015	cellline_FA	tissue_x	42	vehicle	vehicle	vehicle	0	100	0	72	0.1
plate_3	CL00011	cellline_BA	tissue_x	26	vehicle	vehicle	vehicle	0	100	0	72	0.1
plate_3	CL00012	cellline_CA	tissue_x	30	vehicle	vehicle	vehicle	0	100	0	72	0.1
plate_3	CL00013	cellline_DA	tissue_x	34	vehicle	vehicle	vehicle	0	100	0	72	0.1
plate_3	CL00014	cellline_EA	tissue_x	38	vehicle	vehicle	vehicle	0	100	0	72	0.1
plate_3	CL00015	cellline_FA	tissue_x	42	vehicle	vehicle	vehicle	0	100	0	72	0.1
plate_3	CL00011	cellline_BA	tissue_x	26	vehicle	vehicle	vehicle	0	100	0	72	0.1
plate_3	CL00012	cellline_CA	tissue_x	30	vehicle	vehicle	vehicle	0	100	0	72	0.1
plate_3	CL00013	cellline_DA	tissue_x	34	vehicle	vehicle	vehicle	0	100	0	72	0.1
plate_3	CL00014	cellline_EA	tissue_x	38	vehicle	vehicle	vehicle	0	100	0	72	0.1
plate_3	CL00015	cellline_FA	tissue_x	42	vehicle	vehicle	vehicle	0	100	0	72	0.1
plate_1	CL00011	cellline_BA	tissue_x	26	vehicle	vehicle	vehicle	0	100	0	72	0.1
plate_1	CL00012	cellline_CA	tissue_x	30	vehicle	vehicle	vehicle	0	100	0	72	0.1
plate_1	CL00013	cellline_DA	tissue_x	34	vehicle	vehicle	vehicle	0	100	0	72	0.1
plate_1	CL00014	cellline_EA	tissue_x	38	vehicle	vehicle	vehicle	0	100	0	72	0.1
plate_1	CL00015	cellline_FA	tissue_x	42	vehicle	vehicle	vehicle	0	100	0	72	0.1
plate_1	CL00011	cellline_BA	tissue_x	26	vehicle	vehicle	vehicle	0	100	0	72	0.1
plate_1	CL00012	cellline_CA	tissue_x	30	vehicle	vehicle	vehicle	0	100	0	72	0.1
plate_1	CL00013	cellline_DA	tissue_x	34	vehicle	vehicle	vehicle	0	100	0	72	0.1
plate_1	CL00014	cellline_EA	tissue_x	38	vehicle	vehicle	vehicle	0	100	0	72	0.1
plate_1	CL00015	cellline_FA	tissue_x	42	vehicle	vehicle	vehicle	0	100	0	72	0.1
plate_1	CL00011	cellline_BA	tissue_x	26	vehicle	vehicle	vehicle	0	100	0	72	0.1
plate_1	CL00012	cellline_CA	tissue_x	30	vehicle	vehicle	vehicle	0	100	0	72	0.1
plate_1	CL00013	cellline_DA	tissue_x	34	vehicle	vehicle	vehicle	0	100	0	72	0.1
plate_1	CL00014	cellline_EA	tissue_x	38	vehicle	vehicle	vehicle	0	100	0	72	0.1
plate_1	CL00015	cellline_FA	tissue_x	42	vehicle	vehicle	vehicle	0	100	0	72	0.1
plate_1	CL00011	cellline_BA	tissue_x	26	vehicle	vehicle	vehicle	0	100	0	72	0.1
plate_1	CL00012	cellline_CA	tissue_x	30	vehicle	vehicle	vehicle	0	100	0	72	0.1
plate_1	CL00013	cellline_DA	tissue_x	34	vehicle	vehicle	vehicle	0	100	0	72	0.1
plate_1	CL00014	cellline_EA	tissue_x	38	vehicle	vehicle	vehicle	0	100	0	72	0.1
plate_1	CL00015	cellline_FA	tissue_x	42	vehicle	vehicle	vehicle	0	100	0	72	0.1
plate_2	CL00011	cellline_BA	tissue_x	26	vehicle	vehicle	vehicle	0	100	0	72	0.1
plate_2	CL00012	cellline_CA	tissue_x	30	vehicle	vehicle	vehicle	0	100	0	72	0.1
plate_2	CL00013	cellline_DA	tissue_x	34	vehicle	vehicle	vehicle	0	100	0	72	0.1
plate_2	CL00014	cellline_EA	tissue_x	38	vehicle	vehicle	vehicle	0	100	0	72	0.1
plate_2	CL00015	cellline_FA	tissue_x	42	vehicle	vehicle	vehicle	0	100	0	72	0.1
plate_2	CL00011	cellline_BA	tissue_x	26	vehicle	vehicle	vehicle	0	100	0	72	0.1
plate_2	CL00012	cellline_CA	tissue_x	30	vehicle	vehicle	vehicle	0	100	0	72	0.1
plate_2	CL00013	cellline_DA	tissue_x	34	vehicle	vehicle	vehicle	0	100	0	72	0.1
plate_2	CL00014	cellline_EA	tissue_x	38	vehicle	vehicle	vehicle	0	100	0	72	0.1
plate_2	CL00015	cellline_FA	tissue_x	42	vehicle	vehicle	vehicle	0	100	0	72	0.1
plate_2	CL00011	cellline_BA	tissue_x	26	vehicle	vehicle	vehicle	0	100	0	72	0.1
plate_2	CL00012	cellline_CA	tissue_x	30	vehicle	vehicle	vehicle	0	100	0	72	0.1
plate_2	CL00013	cellline_DA	tissue_x	34	vehicle	vehicle	vehicle	0	100	0	72	0.1
plate_2	CL00014	cellline_EA	tissue_x	38	vehicle	vehicle	vehicle	0	100	0	72	0.1
plate_2	CL00015	cellline_FA	tissue_x	42	vehicle	vehicle	vehicle	0	100	0	72	0.1
plate_2	CL00011	cellline_BA	tissue_x	26	vehicle	vehicle	vehicle	0	100	0	72	0.1
plate_2	CL00012	cellline_CA	tissue_x	30	vehicle	vehicle	vehicle	0	100	0	72	0.1
plate_2	CL00013	cellline_DA	tissue_x	34	vehicle	vehicle	vehicle	0	100	0	72	0.1
plate_2	CL00014	cellline_EA	tissue_x	38	vehicle	vehicle	vehicle	0	100	0	72	0.1
plate_2	CL00015	cellline_FA	tissue_x	42	vehicle	vehicle	vehicle	0	100	0	72	0.1
plate_3	CL00011	cellline_BA	tissue_x	26	vehicle	vehicle	vehicle	0	100	0	72	0.1
plate_3	CL00012	cellline_CA	tissue_x	30	vehicle	vehicle	vehicle	0	100	0	72	0.1
plate_3	CL00013	cellline_DA	tissue_x	34	vehicle	vehicle	vehicle	0	100	0	72	0.1
plate_3	CL00014	cellline_EA	tissue_x	38	vehicle	vehicle	vehicle	0	100	0	72	0.1
plate_3	CL00015	cellline_FA	tissue_x	42	vehicle	vehicle	vehicle	0	100	0	72	0.1
plate_3	CL00011	cellline_BA	tissue_x	26	vehicle	vehicle	vehicle	0	100	0	72	0.1
plate_3	CL00012	cellline_CA	tissue_x	30	vehicle	vehicle	vehicle	0	100	0	72	0.1
plate_3	CL00013	cellline_DA	tissue_x	34	vehicle	vehicle	vehicle	0	100	0	72	0.1
plate_3	CL00014	cellline_EA	tissue_x	38	vehicle	vehicle	vehicle	0	100	0	72	0.1
plate_3	CL00015	cellline_FA	tissue_x	42	vehicle	vehicle	vehicle	0	100	0	72	0.1
plate_3	CL00011	cellline_BA	tissue_x	26	vehicle	vehicle	vehicle	0	100	0	72	0.1
plate_3	CL00012	cellline_CA	tissue_x	30	vehicle	vehicle	vehicle	0	100	0	72	0.1
plate_3	CL00013	cellline_DA	tissue_x	34	vehicle	vehicle	vehicle	0	100	0	72	0.1
plate_3	CL00014	cellline_EA	tissue_x	38	vehicle	vehicle	vehicle	0	100	0	72	0.1
plate_3	CL00015	cellline_FA	tissue_x	42	vehicle	vehicle	vehicle	0	100	0	72	0.1
plate_3	CL00011	cellline_BA	tissue_x	26	vehicle	vehicle	vehicle	0	100	0	72	0.1
plate_3	CL00012	cellline_CA	tissue_x	30	vehicle	vehicle	vehicle	0	100	0	72	0.1
plate_3	CL00013	cellline_DA	tissue_x	34	vehicle	vehicle	vehicle	0	100	0	72	0.1
plate_3	CL00014	cellline_EA	tissue_x	38	vehicle	vehicle	vehicle	0	100	0	72	0.1
plate_3	CL00015	cellline_FA	tissue_x	42	vehicle	vehicle	vehicle	0	100	0	72	0.1
plate_1	CL00011	cellline_BA	tissue_x	26	G00002	drug_002	moa_A	0.001	97.7	0	72	0.1
plate_1	CL00012	cellline_CA	tissue_x	30	G00002	drug_002	moa_A	0.001	100	0	72	0.1
plate_1	CL00013	cellline_DA	tissue_x	34	G00002	drug_002	moa_A	0.001	100	0	72	0.1
plate_1	CL00014	cellline_EA	tissue_x	38	G00002	drug_002	moa_A	0.001	100	0	72	0.1
plate_1	CL00015	cellline_FA	tissue_x	42	G00002	drug_002	moa_A	0.001	97.1	0	72	0.1
plate_1	CL00011	cellline_BA	tissue_x	26	G00003	drug_003	moa_A	0.001	99.7	0	72	0.1
plate_1	CL00012	cellline_CA	tissue_x	30	G00003	drug_003	moa_A	0.001	100	0	72	0.1
plate_1	CL00013	cellline_DA	tissue_x	34	G00003	drug_003	moa_A	0.001	100	0	72	0.1
plate_1	CL00014	cellline_EA	tissue_x	38	G00003	drug_003	moa_A	0.001	100	0	72	0.1
plate_1	CL00015	cellline_FA	tissue_x	42	G00003	drug_003	moa_A	0.001	98.5	0	72	0.1
plate_1	CL00011	cellline_BA	tissue_x	26	G00004	drug_004	moa_A	0.001	100	0	72	0.1
plate_1	CL00012	cellline_CA	tissue_x	30	G00004	drug_004	moa_A	0.001	100	0	72	0.1
plate_1	CL00013	cellline_DA	tissue_x	34	G00004	drug_004	moa_A	0.001	99.3	0	72	0.1
plate_1	CL00014	cellline_EA	tissue_x	38	G00004	drug_004	moa_A	0.001	100	0	72	0.1
plate_1	CL00015	cellline_FA	tissue_x	42	G00004	drug_004	moa_A	0.001	99.3	0	72	0.1
plate_1	CL00011	cellline_BA	tissue_x	26	G00005	drug_005	moa_A	0.001	100	0	72	0.1
plate_1	CL00012	cellline_CA	tissue_x	30	G00005	drug_005	moa_A	0.001	100	0	72	0.1
plate_1	CL00013	cellline_DA	tissue_x	34	G00005	drug_005	moa_A	0.001	99.7	0	72	0.1
plate_1	CL00014	cellline_EA	tissue_x	38	G00005	drug_005	moa_A	0.001	99.1	0	72	0.1
plate_1	CL00015	cellline_FA	tissue_x	42	G00005	drug_005	moa_A	0.001	92.2	0	72	0.1
plate_2	CL00011	cellline_BA	tissue_x	26	G00002	drug_002	moa_A	0.001	97.7	0	72	0.1
plate_2	CL00012	cellline_CA	tissue_x	30	G00002	drug_002	moa_A	0.001	100	0	72	0.1
plate_2	CL00013	cellline_DA	tissue_x	34	G00002	drug_002	moa_A	0.001	100	0	72	0.1
plate_2	CL00014	cellline_EA	tissue_x	38	G00002	drug_002	moa_A	0.001	100	0	72	0.1
plate_2	CL00015	cellline_FA	tissue_x	42	G00002	drug_002	moa_A	0.001	97.1	0	72	0.1
plate_2	CL00011	cellline_BA	tissue_x	26	G00003	drug_003	moa_A	0.001	99.7	0	72	0.1
plate_2	CL00012	cellline_CA	tissue_x	30	G00003	drug_003	moa_A	0.001	100	0	72	0.1
plate_2	CL00013	cellline_DA	tissue_x	34	G00003	drug_003	moa_A	0.001	100	0	72	0.1
plate_2	CL00014	cellline_EA	tissue_x	38	G00003	drug_003	moa_A	0.001	100	0	72	0.1
plate_2	CL00015	cellline_FA	tissue_x	42	G00003	drug_003	moa_A	0.001	98.5	0	72	0.1
plate_2	CL00011	cellline_BA	tissue_x	26	G00004	drug_004	moa_A	0.001	100	0	72	0.1
plate_2	CL00012	cellline_CA	tissue_x	30	G00004	drug_004	moa_A	0.001	100	0	72	0.1
plate_2	CL00013	cellline_DA	tissue_x	34	G00004	drug_004	moa_A	0.001	99.3	0	72	0.1
plate_2	CL00014	cellline_EA	tissue_x	38	G00004	drug_004	moa_A	0.001	100	0	72	0.1
plate_2	CL00015	cellline_FA	tissue_x	42	G00004	drug_004	moa_A	0.001	99.3	0	72	0.1
plate_2	CL00011	cellline_BA	tissue_x	26	G00005	drug_005	moa_A	0.001	100	0	72	0.1
plate_2	CL00012	cellline_CA	tissue_x	30	G00005	drug_005	moa_A	0.001	100	0	72	0.1
plate_2	CL00013	cellline_DA	tissue_x	34	G00005	drug_005	moa_A	0.001	99.7	0	72	0.1
plate_2	CL00014	cellline_EA	tissue_x	38	G00005	drug_005	moa_A	0.001	99.1	0	72	0.1
plate_2	CL00015	cellline_FA	tissue_x	42	G00005	drug_005	moa_A	0.001	92.2	0	72	0.1
plate_3	CL00011	cellline_BA	tissue_x	26	G00002	drug_002	moa_A	0.001	97.7	0	72	0.1
plate_3	CL00012	cellline_CA	tissue_x	30	G00002	drug_002	moa_A	0.001	100	0	72	0.1
plate_3	CL00013	cellline_DA	tissue_x	34	G00002	drug_002	moa_A	0.001	100	0	72	0.1
plate_3	CL00014	cellline_EA	tissue_x	38	G00002	drug_002	moa_A	0.001	100	0	72	0.1
plate_3	CL00015	cellline_FA	tissue_x	42	G00002	drug_002	moa_A	0.001	97.1	0	72	0.1
plate_3	CL00011	cellline_BA	tissue_x	26	G00003	drug_003	moa_A	0.001	99.7	0	72	0.1
plate_3	CL00012	cellline_CA	tissue_x	30	G00003	drug_003	moa_A	0.001	100	0	72	0.1
plate_3	CL00013	cellline_DA	tissue_x	34	G00003	drug_003	moa_A	0.001	100	0	72	0.1
plate_3	CL00014	cellline_EA	tissue_x	38	G00003	drug_003	moa_A	0.001	100	0	72	0.1
plate_3	CL00015	cellline_FA	tissue_x	42	G00003	drug_003	moa_A	0.001	98.5	0	72	0.1
plate_3	CL00011	cellline_BA	tissue_x	26	G00004	drug_004	moa_A	0.001	100	0	72	0.1
plate_3	CL00012	cellline_CA	tissue_x	30	G00004	drug_004	moa_A	0.001	100	0	72	0.1
plate_3	CL00013	cellline_DA	tissue_x	34	G00004	drug_004	moa_A	0.001	99.3	0	72	0.1
plate_3	CL00014	cellline_EA	tissue_x	38	G00004	drug_004	moa_A	0.001	100	0	72	0.1
plate_3	CL00015	cellline_FA	tissue_x	42	G00004	drug_004	moa_A	0.001	99.3	0	72	0.1
plate_3	CL00011	cellline_BA	tissue_x	26	G00005	drug_005	moa_A	0.001	100	0	72	0.1
plate_3	CL00012	cellline_CA	tissue_x	30	G00005	drug_005	moa_A	0.001	100	0	72	0.1
plate_3	CL00013	cellline_DA	tissue_x	34	G00005	drug_005	moa_A	0.001	99.7	0	72	0.1
plate_3	CL00014	cellline_EA	tissue_x	38	G00005	drug_005	moa_A	0.001	99.1	0	72	0.1
plate_3	CL00015	cellline_FA	tissue_x	42	G00005	drug_005	moa_A	0.001	92.2	0	72	0.1
plate_1	CL00011	cellline_BA	tissue_x	26	G00002	drug_002	moa_A	0.00316227766016838	84.2	0	72	0.1
plate_1	CL00012	cellline_CA	tissue_x	30	G00002	drug_002	moa_A	0.00316227766016838	99.7	0	72	0.1
plate_1	CL00013	cellline_DA	tissue_x	34	G00002	drug_002	moa_A	0.00316227766016838	100	0	72	0.1
plate_1	CL00014	cellline_EA	tissue_x	38	G00002	drug_002	moa_A	0.00316227766016838	100	0	72	0.1
plate_1	CL00015	cellline_FA	tissue_x	42	G00002	drug_002	moa_A	0.00316227766016838	78.6	0	72	0.1
plate_1	CL00011	cellline_BA	tissue_x	26	G00003	drug_003	moa_A	0.00316227766016838	96.1	0	72	0.1
plate_1	CL00012	cellline_CA	tissue_x	30	G00003	drug_003	moa_A	0.00316227766016838	100	0	72	0.1
plate_1	CL00013	cellline_DA	tissue_x	34	G00003	drug_003	moa_A	0.00316227766016838	100	0	72	0.1
plate_1	CL00014	cellline_EA	tissue_x	38	G00003	drug_003	moa_A	0.00316227766016838	99.6	0	72	0.1
plate_1	CL00015	cellline_FA	tissue_x	42	G00003	drug_003	moa_A	0.00316227766016838	88	0	72	0.1
plate_1	CL00011	cellline_BA	tissue_x	26	G00004	drug_004	moa_A	0.00316227766016838	99.4	0	72	0.1
plate_1	CL00012	cellline_CA	tissue_x	30	G00004	drug_004	moa_A	0.00316227766016838	99.8	0	72	0.1
plate_1	CL00013	cellline_DA	tissue_x	34	G00004	drug_004	moa_A	0.00316227766016838	93.6	0	72	0.1
plate_1	CL00014	cellline_EA	tissue_x	38	G00004	drug_004	moa_A	0.00316227766016838	99.7	0	72	0.1
plate_1	CL00015	cellline_FA	tissue_x	42	G00004	drug_004	moa_A	0.00316227766016838	91.9	0	72	0.1
plate_1	CL00011	cellline_BA	tissue_x	26	G00005	drug_005	moa_A	0.00316227766016838	99.9	0	72	0.1
plate_1	CL00012	cellline_CA	tissue_x	30	G00005	drug_005	moa_A	0.00316227766016838	99.9	0	72	0.1
plate_1	CL00013	cellline_DA	tissue_x	34	G00005	drug_005	moa_A	0.00316227766016838	96.3	0	72	0.1
plate_1	CL00014	cellline_EA	tissue_x	38	G00005	drug_005	moa_A	0.00316227766016838	93.2	0	72	0.1
plate_1	CL00015	cellline_FA	tissue_x	42	G00005	drug_005	moa_A	0.00316227766016838	65.7	0	72	0.1
plate_2	CL00011	cellline_BA	tissue_x	26	G00002	drug_002	moa_A	0.00316227766016838	84.2	0	72	0.1
plate_2	CL00012	cellline_CA	tissue_x	30	G00002	drug_002	moa_A	0.00316227766016838	99.7	0	72	0.1
plate_2	CL00013	cellline_DA	tissue_x	34	G00002	drug_002	moa_A	0.00316227766016838	100	0	72	0.1
plate_2	CL00014	cellline_EA	tissue_x	38	G00002	drug_002	moa_A	0.00316227766016838	100	0	72	0.1
plate_2	CL00015	cellline_FA	tissue_x	42	G00002	drug_002	moa_A	0.00316227766016838	78.6	0	72	0.1
plate_2	CL00011	cellline_BA	tissue_x	26	G00003	drug_003	moa_A	0.00316227766016838	96.1	0	72	0.1
plate_2	CL00012	cellline_CA	tissue_x	30	G00003	drug_003	moa_A	0.00316227766016838	100	0	72	0.1
plate_2	CL00013	cellline_DA	tissue_x	34	G00003	drug_003	moa_A	0.00316227766016838	100	0	72	0.1
plate_2	CL00014	cellline_EA	tissue_x	38	G00003	drug_003	moa_A	0.00316227766016838	99.6	0	72	0.1
plate_2	CL00015	cellline_FA	tissue_x	42	G00003	drug_003	moa_A	0.00316227766016838	88	0	72	0.1
plate_2	CL00011	cellline_BA	tissue_x	26	G00004	drug_004	moa_A	0.00316227766016838	99.4	0	72	0.1
plate_2	CL00012	cellline_CA	tissue_x	30	G00004	drug_004	moa_A	0.00316227766016838	99.8	0	72	0.1
plate_2	CL00013	cellline_DA	tissue_x	34	G00004	drug_004	moa_A	0.00316227766016838	93.6	0	72	0.1
plate_2	CL00014	cellline_EA	tissue_x	38	G00004	drug_004	moa_A	0.00316227766016838	99.7	0	72	0.1
plate_2	CL00015	cellline_FA	tissue_x	42	G00004	drug_004	moa_A	0.00316227766016838	91.9	0	72	0.1
plate_2	CL00011	cellline_BA	tissue_x	26	G00005	drug_005	moa_A	0.00316227766016838	99.9	0	72	0.1
plate_2	CL00012	cellline_CA	tissue_x	30	G00005	drug_005	moa_A	0.00316227766016838	99.9	0	72	0.1
plate_2	CL00013	cellline_DA	tissue_x	34	G00005	drug_005	moa_A	0.00316227766016838	96.3	0	72	0.1
plate_2	CL00014	cellline_EA	tissue_x	38	G00005	drug_005	moa_A	0.00316227766016838	93.2	0	72	0.1
plate_2	CL00015	cellline_FA	tissue_x	42	G00005	drug_005	moa_A	0.00316227766016838	65.7	0	72	0.1
plate_3	CL00011	cellline_BA	tissue_x	26	G00002	drug_002	moa_A	0.00316227766016838	84.2	0	72	0.1
plate_3	CL00012	cellline_CA	tissue_x	30	G00002	drug_002	moa_A	0.00316227766016838	99.7	0	72	0.1
plate_3	CL00013	cellline_DA	tissue_x	34	G00002	drug_002	moa_A	0.00316227766016838	100	0	72	0.1
plate_3	CL00014	cellline_EA	tissue_x	38	G00002	drug_002	moa_A	0.00316227766016838	100	0	72	0.1
plate_3	CL00015	cellline_FA	tissue_x	42	G00002	drug_002	moa_A	0.00316227766016838	78.6	0	72	0.1
plate_3	CL00011	cellline_BA	tissue_x	26	G00003	drug_003	moa_A	0.00316227766016838	96.1	0	72	0.1
plate_3	CL00012	cellline_CA	tissue_x	30	G00003	drug_003	moa_A	0.00316227766016838	100	0	72	0.1
plate_3	CL00013	cellline_DA	tissue_x	34	G00003	drug_003	moa_A	0.00316227766016838	100	0	72	0.1
plate_3	CL00014	cellline_EA	tissue_x	38	G00003	drug_003	moa_A	0.00316227766016838	99.6	0	72	0.1
plate_3	CL00015	cellline_FA	tissue_x	42	G00003	drug_003	moa_A	0.00316227766016838	88	0	72	0.1
plate_3	CL00011	cellline_BA	tissue_x	26	G00004	drug_004	moa_A	0.00316227766016838	99.4	0	72	0.1
plate_3	CL00012	cellline_CA	tissue_x	30	G00004	drug_004	moa_A	0.00316227766016838	99.8	0	72	0.1
plate_3	CL00013	cellline_DA	tissue_x	34	G00004	drug_004	moa_A	0.00316227766016838	93.6	0	72	0.1
plate_3	CL00014	cellline_EA	tissue_x	38	G00004	drug_004	moa_A	0.00316227766016838	99.7	0	72	0.1
plate_3	CL00015	cellline_FA	tissue_x	42	G00004	drug_004	moa_A	0.00316227766016838	91.9	0	72	0.1
plate_3	CL00011	cellline_BA	tissue_x	26	G00005	drug_005	moa_A	0.00316227766016838	99.9	0	72	0.1
plate_3	CL00012	cellline_CA	tissue_x	30	G00005	drug_005	moa_A	0.00316227766016838	99.9	0	72	0.1
plate_3	CL00013	cellline_DA	tissue_x	34	G00005	drug_005	moa_A	0.00316227766016838	96.3	0	72	0.1
plate_3	CL00014	cellline_EA	tissue_x	38	G00005	drug_005	moa_A	0.00316227766016838	93.2	0	72	0.1
plate_3	CL00015	cellline_FA	tissue_x	42	G00005	drug_005	moa_A	0.00316227766016838	65.7	0	72	0.1
plate_1	CL00011	cellline_BA	tissue_x	26	G00002	drug_002	moa_A	0.01	67.3	0	72	0.1
plate_1	CL00012	cellline_CA	tissue_x	30	G00002	drug_002	moa_A	0.01	95.5	0	72	0.1
plate_1	CL00013	cellline_DA	tissue_x	34	G00002	drug_002	moa_A	0.01	99.5	0	72	0.1
plate_1	CL00014	cellline_EA	tissue_x	38	G00002	drug_002	moa_A	0.01	99.9	0	72	0.1
plate_1	CL00015	cellline_FA	tissue_x	42	G00002	drug_002	moa_A	0.01	54.6	0	72	0.1
plate_1	CL00011	cellline_BA	tissue_x	26	G00003	drug_003	moa_A	0.01	81.4	0	72	0.1
plate_1	CL00012	cellline_CA	tissue_x	30	G00003	drug_003	moa_A	0.01	99.5	0	72	0.1
plate_1	CL00013	cellline_DA	tissue_x	34	G00003	drug_003	moa_A	0.01	99.6	0	72	0.1
plate_1	CL00014	cellline_EA	tissue_x	38	G00003	drug_003	moa_A	0.01	95.2	0	72	0.1
plate_1	CL00015	cellline_FA	tissue_x	42	G00003	drug_003	moa_A	0.01	74.4	0	72	0.1
plate_1	CL00011	cellline_BA	tissue_x	26	G00004	drug_004	moa_A	0.01	91.5	0	72	0.1
plate_1	CL00012	cellline_CA	tissue_x	30	G00004	drug_004	moa_A	0.01	96.3	0	72	0.1
plate_1	CL00013	cellline_DA	tissue_x	34	G00004	drug_004	moa_A	0.01	73.2	0	72	0.1
plate_1	CL00014	cellline_EA	tissue_x	38	G00004	drug_004	moa_A	0.01	96.2	0	72	0.1
plate_1	CL00015	cellline_FA	tissue_x	42	G00004	drug_004	moa_A	0.01	66.7	0	72	0.1
plate_1	CL00011	cellline_BA	tissue_x	26	G00005	drug_005	moa_A	0.01	97.9	0	72	0.1
plate_1	CL00012	cellline_CA	tissue_x	30	G00005	drug_005	moa_A	0.01	98.5	0	72	0.1
plate_1	CL00013	cellline_DA	tissue_x	34	G00005	drug_005	moa_A	0.01	76.6	0	72	0.1
plate_1	CL00014	cellline_EA	tissue_x	38	G00005	drug_005	moa_A	0.01	78.9	0	72	0.1
plate_1	CL00015	cellline_FA	tissue_x	42	G00005	drug_005	moa_A	0.01	47.6	0	72	0.1
plate_2	CL00011	cellline_BA	tissue_x	26	G00002	drug_002	moa_A	0.01	67.3	0	72	0.1
plate_2	CL00012	cellline_CA	tissue_x	30	G00002	drug_002	moa_A	0.01	95.5	0	72	0.1
plate_2	CL00013	cellline_DA	tissue_x	34	G00002	drug_002	moa_A	0.01	99.5	0	72	0.1
plate_2	CL00014	cellline_EA	tissue_x	38	G00002	drug_002	moa_A	0.01	99.9	0	72	0.1
plate_2	CL00015	cellline_FA	tissue_x	42	G00002	drug_002	moa_A	0.01	54.6	0	72	0.1
plate_2	CL00011	cellline_BA	tissue_x	26	G00003	drug_003	moa_A	0.01	81.4	0	72	0.1
plate_2	CL00012	cellline_CA	tissue_x	30	G00003	drug_003	moa_A	0.01	99.5	0	72	0.1
plate_2	CL00013	cellline_DA	tissue_x	34	G00003	drug_003	moa_A	0.01	99.6	0	72	0.1
plate_2	CL00014	cellline_EA	tissue_x	38	G00003	drug_003	moa_A	0.01	95.2	0	72	0.1
plate_2	CL00015	cellline_FA	tissue_x	42	G00003	drug_003	moa_A	0.01	74.4	0	72	0.1
plate_2	CL00011	cellline_BA	tissue_x	26	G00004	drug_004	moa_A	0.01	91.5	0	72	0.1
plate_2	CL00012	cellline_CA	tissue_x	30	G00004	drug_004	moa_A	0.01	96.3	0	72	0.1
plate_2	CL00013	cellline_DA	tissue_x	34	G00004	drug_004	moa_A	0.01	73.2	0	72	0.1
plate_2	CL00014	cellline_EA	tissue_x	38	G00004	drug_004	moa_A	0.01	96.2	0	72	0.1
plate_2	CL00015	cellline_FA	tissue_x	42	G00004	drug_004	moa_A	0.01	66.7	0	72	0.1
plate_2	CL00011	cellline_BA	tissue_x	26	G00005	drug_005	moa_A	0.01	97.9	0	72	0.1
plate_2	CL00012	cellline_CA	tissue_x	30	G00005	drug_005	moa_A	0.01	98.5	0	72	0.1
plate_2	CL00013	cellline_DA	tissue_x	34	G00005	drug_005	moa_A	0.01	76.6	0	72	0.1
plate_2	CL00014	cellline_EA	tissue_x	38	G00005	drug_005	moa_A	0.01	78.9	0	72	0.1
plate_2	CL00015	cellline_FA	tissue_x	42	G00005	drug_005	moa_A	0.01	47.6	0	72	0.1
plate_3	CL00011	cellline_BA	tissue_x	26	G00002	drug_002	moa_A	0.01	67.3	0	72	0.1
plate_3	CL00012	cellline_CA	tissue_x	30	G00002	drug_002	moa_A	0.01	95.5	0	72	0.1
plate_3	CL00013	cellline_DA	tissue_x	34	G00002	drug_002	moa_A	0.01	99.5	0	72	0.1
plate_3	CL00014	cellline_EA	tissue_x	38	G00002	drug_002	moa_A	0.01	99.9	0	72	0.1
plate_3	CL00015	cellline_FA	tissue_x	42	G00002	drug_002	moa_A	0.01	54.6	0	72	0.1
plate_3	CL00011	cellline_BA	tissue_x	26	G00003	drug_003	moa_A	0.01	81.4	0	72	0.1
plate_3	CL00012	cellline_CA	tissue_x	30	G00003	drug_003	moa_A	0.01	99.5	0	72	0.1
plate_3	CL00013	cellline_DA	tissue_x	34	G00003	drug_003	moa_A	0.01	99.6	0	72	0.1
plate_3	CL00014	cellline_EA	tissue_x	38	G00003	drug_003	moa_A	0.01	95.2	0	72	0.1
plate_3	CL00015	cellline_FA	tissue_x	42	G00003	drug_003	moa_A	0.01	74.4	0	72	0.1
plate_3	CL00011	cellline_BA	tissue_x	26	G00004	drug_004	moa_A	0.01	91.5	0	72	0.1
plate_3	CL00012	cellline_CA	tissue_x	30	G00004	drug_004	moa_A	0.01	96.3	0	72	0.1
plate_3	CL00013	cellline_DA	tissue_x	34	G00004	drug_004	moa_A	0.01	73.2	0	72	0.1
plate_3	CL00014	cellline_EA	tissue_x	38	G00004	drug_004	moa_A	0.01	96.2	0	72	0.1
plate_3	CL00015	cellline_FA	tissue_x	42	G00004	drug_004	moa_A	0.01	66.7	0	72	0.1
plate_3	CL00011	cellline_BA	tissue_x	26	G00005	drug_005	moa_A	0.01	97.9	0	72	0.1
plate_3	CL00012	cellline_CA	tissue_x	30	G00005	drug_005	moa_A	0.01	98.5	0	72	0.1
plate_3	CL00013	cellline_DA	tissue_x	34	G00005	drug_005	moa_A	0.01	76.6	0	72	0.1
plate_3	CL00014	cellline_EA	tissue_x	38	G00005	drug_005	moa_A	0.01	78.9	0	72	0.1
plate_3	CL00015	cellline_FA	tissue_x	42	G00005	drug_005	moa_A	0.01	47.6	0	72	0.1
plate_1	CL00011	cellline_BA	tissue_x	26	G00002	drug_002	moa_A	0.0316227766016838	63.8	0	72	0.1
plate_1	CL00012	cellline_CA	tissue_x	30	G00002	drug_002	moa_A	0.0316227766016838	84.2	0	72	0.1
plate_1	CL00013	cellline_DA	tissue_x	34	G00002	drug_002	moa_A	0.0316227766016838	92.8	0	72	0.1
plate_1	CL00014	cellline_EA	tissue_x	38	G00002	drug_002	moa_A	0.0316227766016838	98.4	0	72	0.1
plate_1	CL00015	cellline_FA	tissue_x	42	G00002	drug_002	moa_A	0.0316227766016838	50	0	72	0.1
plate_1	CL00011	cellline_BA	tissue_x	26	G00003	drug_003	moa_A	0.0316227766016838	75.3	0	72	0.1
plate_1	CL00012	cellline_CA	tissue_x	30	G00003	drug_003	moa_A	0.0316227766016838	95.2	0	72	0.1
plate_1	CL00013	cellline_DA	tissue_x	34	G00003	drug_003	moa_A	0.0316227766016838	93.6	0	72	0.1
plate_1	CL00014	cellline_EA	tissue_x	38	G00003	drug_003	moa_A	0.0316227766016838	80.7	0	72	0.1
plate_1	CL00015	cellline_FA	tissue_x	42	G00003	drug_003	moa_A	0.0316227766016838	72.1	0	72	0.1
plate_1	CL00011	cellline_BA	tissue_x	26	G00004	drug_004	moa_A	0.0316227766016838	65.2	0	72	0.1
plate_1	CL00012	cellline_CA	tissue_x	30	G00004	drug_004	moa_A	0.0316227766016838	74.4	0	72	0.1
plate_1	CL00013	cellline_DA	tissue_x	34	G00004	drug_004	moa_A	0.0316227766016838	62.4	0	72	0.1
plate_1	CL00014	cellline_EA	tissue_x	38	G00004	drug_004	moa_A	0.0316227766016838	89.2	0	72	0.1
plate_1	CL00015	cellline_FA	tissue_x	42	G00004	drug_004	moa_A	0.0316227766016838	57.9	0	72	0.1
plate_1	CL00011	cellline_BA	tissue_x	26	G00005	drug_005	moa_A	0.0316227766016838	85.6	0	72	0.1
plate_1	CL00012	cellline_CA	tissue_x	30	G00005	drug_005	moa_A	0.0316227766016838	92.5	0	72	0.1
plate_1	CL00013	cellline_DA	tissue_x	34	G00005	drug_005	moa_A	0.0316227766016838	57.9	0	72	0.1
plate_1	CL00014	cellline_EA	tissue_x	38	G00005	drug_005	moa_A	0.0316227766016838	73.1	0	72	0.1
plate_1	CL00015	cellline_FA	tissue_x	42	G00005	drug_005	moa_A	0.0316227766016838	44.7	0	72	0.1
plate_2	CL00011	cellline_BA	tissue_x	26	G00002	drug_002	moa_A	0.0316227766016838	63.8	0	72	0.1
plate_2	CL00012	cellline_CA	tissue_x	30	G00002	drug_002	moa_A	0.0316227766016838	84.2	0	72	0.1
plate_2	CL00013	cellline_DA	tissue_x	34	G00002	drug_002	moa_A	0.0316227766016838	92.8	0	72	0.1
plate_2	CL00014	cellline_EA	tissue_x	38	G00002	drug_002	moa_A	0.0316227766016838	98.4	0	72	0.1
plate_2	CL00015	cellline_FA	tissue_x	42	G00002	drug_002	moa_A	0.0316227766016838	50	0	72	0.1
plate_2	CL00011	cellline_BA	tissue_x	26	G00003	drug_003	moa_A	0.0316227766016838	75.3	0	72	0.1
plate_2	CL00012	cellline_CA	tissue_x	30	G00003	drug_003	moa_A	0.0316227766016838	95.2	0	72	0.1
plate_2	CL00013	cellline_DA	tissue_x	34	G00003	drug_003	moa_A	0.0316227766016838	93.6	0	72	0.1
plate_2	CL00014	cellline_EA	tissue_x	38	G00003	drug_003	moa_A	0.0316227766016838	80.7	0	72	0.1
plate_2	CL00015	cellline_FA	tissue_x	42	G00003	drug_003	moa_A	0.0316227766016838	72.1	0	72	0.1
plate_2	CL00011	cellline_BA	tissue_x	26	G00004	drug_004	moa_A	0.0316227766016838	65.2	0	72	0.1
plate_2	CL00012	cellline_CA	tissue_x	30	G00004	drug_004	moa_A	0.0316227766016838	74.4	0	72	0.1
plate_2	CL00013	cellline_DA	tissue_x	34	G00004	drug_004	moa_A	0.0316227766016838	62.4	0	72	0.1
plate_2	CL00014	cellline_EA	tissue_x	38	G00004	drug_004	moa_A	0.0316227766016838	89.2	0	72	0.1
plate_2	CL00015	cellline_FA	tissue_x	42	G00004	drug_004	moa_A	0.0316227766016838	57.9	0	72	0.1
plate_2	CL00011	cellline_BA	tissue_x	26	G00005	drug_005	moa_A	0.0316227766016838	85.6	0	72	0.1
plate_2	CL00012	cellline_CA	tissue_x	30	G00005	drug_005	moa_A	0.0316227766016838	92.5	0	72	0.1
plate_2	CL00013	cellline_DA	tissue_x	34	G00005	drug_005	moa_A	0.0316227766016838	57.9	0	72	0.1
plate_2	CL00014	cellline_EA	tissue_x	38	G00005	drug_005	moa_A	0.0316227766016838	73.1	0	72	0.1
plate_2	CL00015	cellline_FA	tissue_x	42	G00005	drug_005	moa_A	0.0316227766016838	44.7	0	72	0.1
plate_3	CL00011	cellline_BA	tissue_x	26	G00002	drug_002	moa_A	0.0316227766016838	63.8	0	72	0.1
plate_3	CL00012	cellline_CA	tissue_x	30	G00002	drug_002	moa_A	0.0316227766016838	84.2	0	72	0.1
plate_3	CL00013	cellline_DA	tissue_x	34	G00002	drug_002	moa_A	0.0316227766016838	92.8	0	72	0.1
plate_3	CL00014	cellline_EA	tissue_x	38	G00002	drug_002	moa_A	0.0316227766016838	98.4	0	72	0.1
plate_3	CL00015	cellline_FA	tissue_x	42	G00002	drug_002	moa_A	0.0316227766016838	50	0	72	0.1
plate_3	CL00011	cellline_BA	tissue_x	26	G00003	drug_003	moa_A	0.0316227766016838	75.3	0	72	0.1
plate_3	CL00012	cellline_CA	tissue_x	30	G00003	drug_003	moa_A	0.0316227766016838	95.2	0	72	0.1
plate_3	CL00013	cellline_DA	tissue_x	34	G00003	drug_003	moa_A	0.0316227766016838	93.6	0	72	0.1
plate_3	CL00014	cellline_EA	tissue_x	38	G00003	drug_003	moa_A	0.0316227766016838	80.7	0	72	0.1
plate_3	CL00015	cellline_FA	tissue_x	42	G00003	drug_003	moa_A	0.0316227766016838	72.1	0	72	0.1
plate_3	CL00011	cellline_BA	tissue_x	26	G00004	drug_004	moa_A	0.0316227766016838	65.2	0	72	0.1
plate_3	CL00012	cellline_CA	tissue_x	30	G00004	drug_004	moa_A	0.0316227766016838	74.4	0	72	0.1
plate_3	CL00013	cellline_DA	tissue_x	34	G00004	drug_004	moa_A	0.0316227766016838	62.4	0	72	0.1
plate_3	CL00014	cellline_EA	tissue_x	38	G00004	drug_004	moa_A	0.0316227766016838	89.2	0	72	0.1
plate_3	CL00015	cellline_FA	tissue_x	42	G00004	drug_004	moa_A	0.0316227766016838	57.9	0	72	0.1
plate_3	CL00011	cellline_BA	tissue_x	26	G00005	drug_005	moa_A	0.0316227766016838	85.6	0	72	0.1
plate_3	CL00012	cellline_CA	tissue_x	30	G00005	drug_005	moa_A	0.0316227766016838	92.5	0	72	0.1
plate_3	CL00013	cellline_DA	tissue_x	34	G00005	drug_005	moa_A	0.0316227766016838	57.9	0	72	0.1
plate_3	CL00014	cellline_EA	tissue_x	38	G00005	drug_005	moa_A	0.0316227766016838	73.1	0	72	0.1
plate_3	CL00015	cellline_FA	tissue_x	42	G00005	drug_005	moa_A	0.0316227766016838	44.7	0	72	0.1
plate_1	CL00011	cellline_BA	tissue_x	26	G00002	drug_002	moa_A	0.1	63.5	0	72	0.1
plate_1	CL00012	cellline_CA	tissue_x	30	G00002	drug_002	moa_A	0.1	81.8	0	72	0.1
plate_1	CL00013	cellline_DA	tissue_x	34	G00002	drug_002	moa_A	0.1	84.1	0	72	0.1
plate_1	CL00014	cellline_EA	tissue_x	38	G00002	drug_002	moa_A	0.1	95.8	0	72	0.1
plate_1	CL00015	cellline_FA	tissue_x	42	G00002	drug_002	moa_A	0.1	49.5	0	72	0.1
plate_1	CL00011	cellline_BA	tissue_x	26	G00003	drug_003	moa_A	0.1	74.7	0	72	0.1
plate_1	CL00012	cellline_CA	tissue_x	30	G00003	drug_003	moa_A	0.1	92.7	0	72	0.1
plate_1	CL00013	cellline_DA	tissue_x	34	G00003	drug_003	moa_A	0.1	84.1	0	72	0.1
plate_1	CL00014	cellline_EA	tissue_x	38	G00003	drug_003	moa_A	0.1	75.8	0	72	0.1
plate_1	CL00015	cellline_FA	tissue_x	42	G00003	drug_003	moa_A	0.1	71.9	0	72	0.1
plate_1	CL00011	cellline_BA	tissue_x	26	G00004	drug_004	moa_A	0.1	58.4	0	72	0.1
plate_1	CL00012	cellline_CA	tissue_x	30	G00004	drug_004	moa_A	0.1	63.4	0	72	0.1
plate_1	CL00013	cellline_DA	tissue_x	34	G00004	drug_004	moa_A	0.1	61	0	72	0.1
plate_1	CL00014	cellline_EA	tissue_x	38	G00004	drug_004	moa_A	0.1	87.8	0	72	0.1
plate_1	CL00015	cellline_FA	tissue_x	42	G00004	drug_004	moa_A	0.1	57.1	0	72	0.1
plate_1	CL00011	cellline_BA	tissue_x	26	G00005	drug_005	moa_A	0.1	80.8	0	72	0.1
plate_1	CL00012	cellline_CA	tissue_x	30	G00005	drug_005	moa_A	0.1	90.7	0	72	0.1
plate_1	CL00013	cellline_DA	tissue_x	34	G00005	drug_005	moa_A	0.1	54.9	0	72	0.1
plate_1	CL00014	cellline_EA	tissue_x	38	G00005	drug_005	moa_A	0.1	72.4	0	72	0.1
plate_1	CL00015	cellline_FA	tissue_x	42	G00005	drug_005	moa_A	0.1	44.3	0	72	0.1
plate_2	CL00011	cellline_BA	tissue_x	26	G00002	drug_002	moa_A	0.1	63.5	0	72	0.1
plate_2	CL00012	cellline_CA	tissue_x	30	G00002	drug_002	moa_A	0.1	81.8	0	72	0.1
plate_2	CL00013	cellline_DA	tissue_x	34	G00002	drug_002	moa_A	0.1	84.1	0	72	0.1
plate_2	CL00014	cellline_EA	tissue_x	38	G00002	drug_002	moa_A	0.1	95.8	0	72	0.1
plate_2	CL00015	cellline_FA	tissue_x	42	G00002	drug_002	moa_A	0.1	49.5	0	72	0.1
plate_2	CL00011	cellline_BA	tissue_x	26	G00003	drug_003	moa_A	0.1	74.7	0	72	0.1
plate_2	CL00012	cellline_CA	tissue_x	30	G00003	drug_003	moa_A	0.1	92.7	0	72	0.1
plate_2	CL00013	cellline_DA	tissue_x	34	G00003	drug_003	moa_A	0.1	84.1	0	72	0.1
plate_2	CL00014	cellline_EA	tissue_x	38	G00003	drug_003	moa_A	0.1	75.8	0	72	0.1
plate_2	CL00015	cellline_FA	tissue_x	42	G00003	drug_003	moa_A	0.1	71.9	0	72	0.1
plate_2	CL00011	cellline_BA	tissue_x	26	G00004	drug_004	moa_A	0.1	58.4	0	72	0.1
plate_2	CL00012	cellline_CA	tissue_x	30	G00004	drug_004	moa_A	0.1	63.4	0	72	0.1
plate_2	CL00013	cellline_DA	tissue_x	34	G00004	drug_004	moa_A	0.1	61	0	72	0.1
plate_2	CL00014	cellline_EA	tissue_x	38	G00004	drug_004	moa_A	0.1	87.8	0	72	0.1
plate_2	CL00015	cellline_FA	tissue_x	42	G00004	drug_004	moa_A	0.1	57.1	0	72	0.1
plate_2	CL00011	cellline_BA	tissue_x	26	G00005	drug_005	moa_A	0.1	80.8	0	72	0.1
plate_2	CL00012	cellline_CA	tissue_x	30	G00005	drug_005	moa_A	0.1	90.7	0	72	0.1
plate_2	CL00013	cellline_DA	tissue_x	34	G00005	drug_005	moa_A	0.1	54.9	0	72	0.1
plate_2	CL00014	cellline_EA	tissue_x	38	G00005	drug_005	moa_A	0.1	72.4	0	72	0.1
plate_2	CL00015	cellline_FA	tissue_x	42	G00005	drug_005	moa_A	0.1	44.3	0	72	0.1
plate_3	CL00011	cellline_BA	tissue_x	26	G00002	drug_002	moa_A	0.1	63.5	0	72	0.1
plate_3	CL00012	cellline_CA	tissue_x	30	G00002	drug_002	moa_A	0.1	81.8	0	72	0.1
plate_3	CL00013	cellline_DA	tissue_x	34	G00002	drug_002	moa_A	0.1	84.1	0	72	0.1
plate_3	CL00014	cellline_EA	tissue_x	38	G00002	drug_002	moa_A	0.1	95.8	0	72	0.1
plate_3	CL00015	cellline_FA	tissue_x	42	G00002	drug_002	moa_A	0.1	49.5	0	72	0.1
plate_3	CL00011	cellline_BA	tissue_x	26	G00003	drug_003	moa_A	0.1	74.7	0	72	0.1
plate_3	CL00012	cellline_CA	tissue_x	30	G00003	drug_003	moa_A	0.1	92.7	0	72	0.1
plate_3	CL00013	cellline_DA	tissue_x	34	G00003	drug_003	moa_A	0.1	84.1	0	72	0.1
plate_3	CL00014	cellline_EA	tissue_x	38	G00003	drug_003	moa_A	0.1	75.8	0	72	0.1
plate_3	CL00015	cellline_FA	tissue_x	42	G00003	drug_003	moa_A	0.1	71.9	0	72	0.1
plate_3	CL00011	cellline_BA	tissue_x	26	G00004	drug_004	moa_A	0.1	58.4	0	72	0.1
plate_3	CL00012	cellline_CA	tissue_x	30	G00004	drug_004	moa_A	0.1	63.4	0	72	0.1
plate_3	CL00013	cellline_DA	tissue_x	34	G00004	drug_004	moa_A	0.1	61	0	72	0.1
plate_3	CL00014	cellline_EA	tissue_x	38	G00004	drug_004	moa_A	0.1	87.8	0	72	0.1
plate_3	CL00015	cellline_FA	tissue_x	42	G00004	drug_004	moa_A	0.1	57.1	0	72	0.1
plate_3	CL00011	cellline_BA	tissue_x	26	G00005	drug_005	moa_A	0.1	80.8	0	72	0.1
plate_3	CL00012	cellline_CA	tissue_x	30	G00005	drug_005	moa_A	0.1	90.7	0	72	0.1
plate_3	CL00013	cellline_DA	tissue_x	34	G00005	drug_005	moa_A	0.1	54.9	0	72	0.1
plate_3	CL00014	cellline_EA	tissue_x	38	G00005	drug_005	moa_A	0.1	72.4	0	72	0.1
plate_3	CL00015	cellline_FA	tissue_x	42	G00005	drug_005	moa_A	0.1	44.3	0	72	0.1
plate_1	CL00011	cellline_BA	tissue_x	26	G00002	drug_002	moa_A	0.316227766016838	63.5	0	72	0.1
plate_1	CL00012	cellline_CA	tissue_x	30	G00002	drug_002	moa_A	0.316227766016838	81.6	0	72	0.1
plate_1	CL00013	cellline_DA	tissue_x	34	G00002	drug_002	moa_A	0.316227766016838	83.2	0	72	0.1
plate_1	CL00014	cellline_EA	tissue_x	38	G00002	drug_002	moa_A	0.316227766016838	95.5	0	72	0.1
plate_1	CL00015	cellline_FA	tissue_x	42	G00002	drug_002	moa_A	0.316227766016838	49.5	0	72	0.1
plate_1	CL00011	cellline_BA	tissue_x	26	G00003	drug_003	moa_A	0.316227766016838	74.7	0	72	0.1
plate_1	CL00012	cellline_CA	tissue_x	30	G00003	drug_003	moa_A	0.316227766016838	92.6	0	72	0.1
plate_1	CL00013	cellline_DA	tissue_x	34	G00003	drug_003	moa_A	0.316227766016838	83	0	72	0.1
plate_1	CL00014	cellline_EA	tissue_x	38	G00003	drug_003	moa_A	0.316227766016838	75.4	0	72	0.1
plate_1	CL00015	cellline_FA	tissue_x	42	G00003	drug_003	moa_A	0.316227766016838	71.8	0	72	0.1
plate_1	CL00011	cellline_BA	tissue_x	26	G00004	drug_004	moa_A	0.316227766016838	58	0	72	0.1
plate_1	CL00012	cellline_CA	tissue_x	30	G00004	drug_004	moa_A	0.316227766016838	62.6	0	72	0.1
plate_1	CL00013	cellline_DA	tissue_x	34	G00004	drug_004	moa_A	0.316227766016838	60.9	0	72	0.1
plate_1	CL00014	cellline_EA	tissue_x	38	G00004	drug_004	moa_A	0.316227766016838	87.7	0	72	0.1
plate_1	CL00015	cellline_FA	tissue_x	42	G00004	drug_004	moa_A	0.316227766016838	57.1	0	72	0.1
plate_1	CL00011	cellline_BA	tissue_x	26	G00005	drug_005	moa_A	0.316227766016838	80.6	0	72	0.1
plate_1	CL00012	cellline_CA	tissue_x	30	G00005	drug_005	moa_A	0.316227766016838	90.6	0	72	0.1
plate_1	CL00013	cellline_DA	tissue_x	34	G00005	drug_005	moa_A	0.316227766016838	54.6	0	72	0.1
plate_1	CL00014	cellline_EA	tissue_x	38	G00005	drug_005	moa_A	0.316227766016838	72.3	0	72	0.1
plate_1	CL00015	cellline_FA	tissue_x	42	G00005	drug_005	moa_A	0.316227766016838	44.3	0	72	0.1
plate_2	CL00011	cellline_BA	tissue_x	26	G00002	drug_002	moa_A	0.316227766016838	63.5	0	72	0.1
plate_2	CL00012	cellline_CA	tissue_x	30	G00002	drug_002	moa_A	0.316227766016838	81.6	0	72	0.1
plate_2	CL00013	cellline_DA	tissue_x	34	G00002	drug_002	moa_A	0.316227766016838	83.2	0	72	0.1
plate_2	CL00014	cellline_EA	tissue_x	38	G00002	drug_002	moa_A	0.316227766016838	95.5	0	72	0.1
plate_2	CL00015	cellline_FA	tissue_x	42	G00002	drug_002	moa_A	0.316227766016838	49.5	0	72	0.1
plate_2	CL00011	cellline_BA	tissue_x	26	G00003	drug_003	moa_A	0.316227766016838	74.7	0	72	0.1
plate_2	CL00012	cellline_CA	tissue_x	30	G00003	drug_003	moa_A	0.316227766016838	92.6	0	72	0.1
plate_2	CL00013	cellline_DA	tissue_x	34	G00003	drug_003	moa_A	0.316227766016838	83	0	72	0.1
plate_2	CL00014	cellline_EA	tissue_x	38	G00003	drug_003	moa_A	0.316227766016838	75.4	0	72	0.1
plate_2	CL00015	cellline_FA	tissue_x	42	G00003	drug_003	moa_A	0.316227766016838	71.8	0	72	0.1
plate_2	CL00011	cellline_BA	tissue_x	26	G00004	drug_004	moa_A	0.316227766016838	58	0	72	0.1
plate_2	CL00012	cellline_CA	tissue_x	30	G00004	drug_004	moa_A	0.316227766016838	62.6	0	72	0.1
plate_2	CL00013	cellline_DA	tissue_x	34	G00004	drug_004	moa_A	0.316227766016838	60.9	0	72	0.1
plate_2	CL00014	cellline_EA	tissue_x	38	G00004	drug_004	moa_A	0.316227766016838	87.7	0	72	0.1
plate_2	CL00015	cellline_FA	tissue_x	42	G00004	drug_004	moa_A	0.316227766016838	57.1	0	72	0.1
plate_2	CL00011	cellline_BA	tissue_x	26	G00005	drug_005	moa_A	0.316227766016838	80.6	0	72	0.1
plate_2	CL00012	cellline_CA	tissue_x	30	G00005	drug_005	moa_A	0.316227766016838	90.6	0	72	0.1
plate_2	CL00013	cellline_DA	tissue_x	34	G00005	drug_005	moa_A	0.316227766016838	54.6	0	72	0.1
plate_2	CL00014	cellline_EA	tissue_x	38	G00005	drug_005	moa_A	0.316227766016838	72.3	0	72	0.1
plate_2	CL00015	cellline_FA	tissue_x	42	G00005	drug_005	moa_A	0.316227766016838	44.3	0	72	0.1
plate_3	CL00011	cellline_BA	tissue_x	26	G00002	drug_002	moa_A	0.316227766016838	63.5	0	72	0.1
plate_3	CL00012	cellline_CA	tissue_x	30	G00002	drug_002	moa_A	0.316227766016838	81.6	0	72	0.1
plate_3	CL00013	cellline_DA	tissue_x	34	G00002	drug_002	moa_A	0.316227766016838	83.2	0	72	0.1
plate_3	CL00014	cellline_EA	tissue_x	38	G00002	drug_002	moa_A	0.316227766016838	95.5	0	72	0.1
plate_3	CL00015	cellline_FA	tissue_x	42	G00002	drug_002	moa_A	0.316227766016838	49.5	0	72	0.1
plate_3	CL00011	cellline_BA	tissue_x	26	G00003	drug_003	moa_A	0.316227766016838	74.7	0	72	0.1
plate_3	CL00012	cellline_CA	tissue_x	30	G00003	drug_003	moa_A	0.316227766016838	92.6	0	72	0.1
plate_3	CL00013	cellline_DA	tissue_x	34	G00003	drug_003	moa_A	0.316227766016838	83	0	72	0.1
plate_3	CL00014	cellline_EA	tissue_x	38	G00003	drug_003	moa_A	0.316227766016838	75.4	0	72	0.1
plate_3	CL00015	cellline_FA	tissue_x	42	G00003	drug_003	moa_A	0.316227766016838	71.8	0	72	0.1
plate_3	CL00011	cellline_BA	tissue_x	26	G00004	drug_004	moa_A	0.316227766016838	58	0	72	0.1
plate_3	CL00012	cellline_CA	tissue_x	30	G00004	drug_004	moa_A	0.316227766016838	62.6	0	72	0.1
plate_3	CL00013	cellline_DA	tissue_x	34	G00004	drug_004	moa_A	0.316227766016838	60.9	0	72	0.1
plate_3	CL00014	cellline_EA	tissue_x	38	G00004	drug_004	moa_A	0.316227766016838	87.7	0	72	0.1
plate_3	CL00015	cellline_FA	tissue_x	42	G00004	drug_004	moa_A	0.316227766016838	57.1	0	72	0.1
plate_3	CL00011	cellline_BA	tissue_x	26	G00005	drug_005	moa_A	0.316227766016838	80.6	0	72	0.1
plate_3	CL00012	cellline_CA	tissue_x	30	G00005	drug_005	moa_A	0.316227766016838	90.6	0	72	0.1
plate_3	CL00013	cellline_DA	tissue_x	34	G00005	drug_005	moa_A	0.316227766016838	54.6	0	72	0.1
plate_3	CL00014	cellline_EA	tissue_x	38	G00005	drug_005	moa_A	0.316227766016838	72.3	0	72	0.1
plate_3	CL00015	cellline_FA	tissue_x	42	G00005	drug_005	moa_A	0.316227766016838	44.3	0	72	0.1
plate_1	CL00011	cellline_BA	tissue_x	26	G00002	drug_002	moa_A	1	63.5	0	72	0.1
plate_1	CL00012	cellline_CA	tissue_x	30	G00002	drug_002	moa_A	1	81.6	0	72	0.1
plate_1	CL00013	cellline_DA	tissue_x	34	G00002	drug_002	moa_A	1	83.1	0	72	0.1
plate_1	CL00014	cellline_EA	tissue_x	38	G00002	drug_002	moa_A	1	95.5	0	72	0.1
plate_1	CL00015	cellline_FA	tissue_x	42	G00002	drug_002	moa_A	1	49.5	0	72	0.1
plate_1	CL00011	cellline_BA	tissue_x	26	G00003	drug_003	moa_A	1	74.7	0	72	0.1
plate_1	CL00012	cellline_CA	tissue_x	30	G00003	drug_003	moa_A	1	92.5	0	72	0.1
plate_1	CL00013	cellline_DA	tissue_x	34	G00003	drug_003	moa_A	1	82.9	0	72	0.1
plate_1	CL00014	cellline_EA	tissue_x	38	G00003	drug_003	moa_A	1	75.3	0	72	0.1
plate_1	CL00015	cellline_FA	tissue_x	42	G00003	drug_003	moa_A	1	71.8	0	72	0.1
plate_1	CL00011	cellline_BA	tissue_x	26	G00004	drug_004	moa_A	1	58	0	72	0.1
plate_1	CL00012	cellline_CA	tissue_x	30	G00004	drug_004	moa_A	1	62.5	0	72	0.1
plate_1	CL00013	cellline_DA	tissue_x	34	G00004	drug_004	moa_A	1	60.9	0	72	0.1
plate_1	CL00014	cellline_EA	tissue_x	38	G00004	drug_004	moa_A	1	87.7	0	72	0.1
plate_1	CL00015	cellline_FA	tissue_x	42	G00004	drug_004	moa_A	1	57.1	0	72	0.1
plate_1	CL00011	cellline_BA	tissue_x	26	G00005	drug_005	moa_A	1	80.6	0	72	0.1
plate_1	CL00012	cellline_CA	tissue_x	30	G00005	drug_005	moa_A	1	90.6	0	72	0.1
plate_1	CL00013	cellline_DA	tissue_x	34	G00005	drug_005	moa_A	1	54.6	0	72	0.1
plate_1	CL00014	cellline_EA	tissue_x	38	G00005	drug_005	moa_A	1	72.3	0	72	0.1
plate_1	CL00015	cellline_FA	tissue_x	42	G00005	drug_005	moa_A	1	44.3	0	72	0.1
plate_2	CL00011	cellline_BA	tissue_x	26	G00002	drug_002	moa_A	1	63.5	0	72	0.1
plate_2	CL00012	cellline_CA	tissue_x	30	G00002	drug_002	moa_A	1	81.6	0	72	0.1
plate_2	CL00013	cellline_DA	tissue_x	34	G00002	drug_002	moa_A	1	83.1	0	72	0.1
plate_2	CL00014	cellline_EA	tissue_x	38	G00002	drug_002	moa_A	1	95.5	0	72	0.1
plate_2	CL00015	cellline_FA	tissue_x	42	G00002	drug_002	moa_A	1	49.5	0	72	0.1
plate_2	CL00011	cellline_BA	tissue_x	26	G00003	drug_003	moa_A	1	74.7	0	72	0.1
plate_2	CL00012	cellline_CA	tissue_x	30	G00003	drug_003	moa_A	1	92.5	0	72	0.1
plate_2	CL00013	cellline_DA	tissue_x	34	G00003	drug_003	moa_A	1	82.9	0	72	0.1
plate_2	CL00014	cellline_EA	tissue_x	38	G00003	drug_003	moa_A	1	75.3	0	72	0.1
plate_2	CL00015	cellline_FA	tissue_x	42	G00003	drug_003	moa_A	1	71.8	0	72	0.1
plate_2	CL00011	cellline_BA	tissue_x	26	G00004	drug_004	moa_A	1	58	0	72	0.1
plate_2	CL00012	cellline_CA	tissue_x	30	G00004	drug_004	moa_A	1	62.5	0	72	0.1
plate_2	CL00013	cellline_DA	tissue_x	34	G00004	drug_004	moa_A	1	60.9	0	72	0.1
plate_2	CL00014	cellline_EA	tissue_x	38	G00004	drug_004	moa_A	1	87.7	0	72	0.1
plate_2	CL00015	cellline_FA	tissue_x	42	G00004	drug_004	moa_A	1	57.1	0	72	0.1
plate_2	CL00011	cellline_BA	tissue_x	26	G00005	drug_005	moa_A	1	80.6	0	72	0.1
plate_2	CL00012	cellline_CA	tissue_x	30	G00005	drug_005	moa_A	1	90.6	0	72	0.1
plate_2	CL00013	cellline_DA	tissue_x	34	G00005	drug_005	moa_A	1	54.6	0	72	0.1
plate_2	CL00014	cellline_EA	tissue_x	38	G00005	drug_005	moa_A	1	72.3	0	72	0.1
plate_2	CL00015	cellline_FA	tissue_x	42	G00005	drug_005	moa_A	1	44.3	0	72	0.1
plate_3	CL00011	cellline_BA	tissue_x	26	G00002	drug_002	moa_A	1	63.5	0	72	0.1
plate_3	CL00012	cellline_CA	tissue_x	30	G00002	drug_002	moa_A	1	81.6	0	72	0.1
plate_3	CL00013	cellline_DA	tissue_x	34	G00002	drug_002	moa_A	1	83.1	0	72	0.1
plate_3	CL00014	cellline_EA	tissue_x	38	G00002	drug_002	moa_A	1	95.5	0	72	0.1
plate_3	CL00015	cellline_FA	tissue_x	42	G00002	drug_002	moa_A	1	49.5	0	72	0.1
plate_3	CL00011	cellline_BA	tissue_x	26	G00003	drug_003	moa_A	1	74.7	0	72	0.1
plate_3	CL00012	cellline_CA	tissue_x	30	G00003	drug_003	moa_A	1	92.5	0	72	0.1
plate_3	CL00013	cellline_DA	tissue_x	34	G00003	drug_003	moa_A	1	82.9	0	72	0.1
plate_3	CL00014	cellline_EA	tissue_x	38	G00003	drug_003	moa_A	1	75.3	0	72	0.1
plate_3	CL00015	cellline_FA	tissue_x	42	G00003	drug_003	moa_A	1	71.8	0	72	0.1
plate_3	CL00011	cellline_BA	tissue_x	26	G00004	drug_004	moa_A	1	58	0	72	0.1
plate_3	CL00012	cellline_CA	tissue_x	30	G00004	drug_004	moa_A	1	62.5	0	72	0.1
plate_3	CL00013	cellline_DA	tissue_x	34	G00004	drug_004	moa_A	1	60.9	0	72	0.1
plate_3	CL00014	cellline_EA	tissue_x	38	G00004	drug_004	moa_A	1	87.7	0	72	0.1
plate_3	CL00015	cellline_FA	tissue_x	42	G00004	drug_004	moa_A	1	57.1	0	72	0.1
plate_3	CL00011	cellline_BA	tissue_x	26	G00005	drug_005	moa_A	1	80.6	0	72	0.1
plate_3	CL00012	cellline_CA	tissue_x	30	G00005	drug_005	moa_A	1	90.6	0	72	0.1
plate_3	CL00013	cellline_DA	tissue_x	34	G00005	drug_005	moa_A	1	54.6	0	72	0.1
plate_3	CL00014	cellline_EA	tissue_x	38	G00005	drug_005	moa_A	1	72.3	0	72	0.1
plate_3	CL00015	cellline_FA	tissue_x	42	G00005	drug_005	moa_A	1	44.3	0	72	0.1
plate_1	CL00011	cellline_BA	tissue_x	26	G00002	drug_002	moa_A	3.16227766016838	63.5	0	72	0.1
plate_1	CL00012	cellline_CA	tissue_x	30	G00002	drug_002	moa_A	3.16227766016838	81.6	0	72	0.1
plate_1	CL00013	cellline_DA	tissue_x	34	G00002	drug_002	moa_A	3.16227766016838	83.1	0	72	0.1
plate_1	CL00014	cellline_EA	tissue_x	38	G00002	drug_002	moa_A	3.16227766016838	95.5	0	72	0.1
plate_1	CL00015	cellline_FA	tissue_x	42	G00002	drug_002	moa_A	3.16227766016838	49.5	0	72	0.1
plate_1	CL00011	cellline_BA	tissue_x	26	G00003	drug_003	moa_A	3.16227766016838	74.7	0	72	0.1
plate_1	CL00012	cellline_CA	tissue_x	30	G00003	drug_003	moa_A	3.16227766016838	92.5	0	72	0.1
plate_1	CL00013	cellline_DA	tissue_x	34	G00003	drug_003	moa_A	3.16227766016838	82.9	0	72	0.1
plate_1	CL00014	cellline_EA	tissue_x	38	G00003	drug_003	moa_A	3.16227766016838	75.3	0	72	0.1
plate_1	CL00015	cellline_FA	tissue_x	42	G00003	drug_003	moa_A	3.16227766016838	71.8	0	72	0.1
plate_1	CL00011	cellline_BA	tissue_x	26	G00004	drug_004	moa_A	3.16227766016838	58	0	72	0.1
plate_1	CL00012	cellline_CA	tissue_x	30	G00004	drug_004	moa_A	3.16227766016838	62.5	0	72	0.1
plate_1	CL00013	cellline_DA	tissue_x	34	G00004	drug_004	moa_A	3.16227766016838	60.9	0	72	0.1
plate_1	CL00014	cellline_EA	tissue_x	38	G00004	drug_004	moa_A	3.16227766016838	87.7	0	72	0.1
plate_1	CL00015	cellline_FA	tissue_x	42	G00004	drug_004	moa_A	3.16227766016838	57.1	0	72	0.1
plate_1	CL00011	cellline_BA	tissue_x	26	G00005	drug_005	moa_A	3.16227766016838	80.6	0	72	0.1
plate_1	CL00012	cellline_CA	tissue_x	30	G00005	drug_005	moa_A	3.16227766016838	90.6	0	72	0.1
plate_1	CL00013	cellline_DA	tissue_x	34	G00005	drug_005	moa_A	3.16227766016838	54.6	0	72	0.1
plate_1	CL00014	cellline_EA	tissue_x	38	G00005	drug_005	moa_A	3.16227766016838	72.3	0	72	0.1
plate_1	CL00015	cellline_FA	tissue_x	42	G00005	drug_005	moa_A	3.16227766016838	44.3	0	72	0.1
plate_2	CL00011	cellline_BA	tissue_x	26	G00002	drug_002	moa_A	3.16227766016838	63.5	0	72	0.1
plate_2	CL00012	cellline_CA	tissue_x	30	G00002	drug_002	moa_A	3.16227766016838	81.6	0	72	0.1
plate_2	CL00013	cellline_DA	tissue_x	34	G00002	drug_002	moa_A	3.16227766016838	83.1	0	72	0.1
plate_2	CL00014	cellline_EA	tissue_x	38	G00002	drug_002	moa_A	3.16227766016838	95.5	0	72	0.1
plate_2	CL00015	cellline_FA	tissue_x	42	G00002	drug_002	moa_A	3.16227766016838	49.5	0	72	0.1
plate_2	CL00011	cellline_BA	tissue_x	26	G00003	drug_003	moa_A	3.16227766016838	74.7	0	72	0.1
plate_2	CL00012	cellline_CA	tissue_x	30	G00003	drug_003	moa_A	3.16227766016838	92.5	0	72	0.1
plate_2	CL00013	cellline_DA	tissue_x	34	G00003	drug_003	moa_A	3.16227766016838	82.9	0	72	0.1
plate_2	CL00014	cellline_EA	tissue_x	38	G00003	drug_003	moa_A	3.16227766016838	75.3	0	72	0.1
plate_2	CL00015	cellline_FA	tissue_x	42	G00003	drug_003	moa_A	3.16227766016838	71.8	0	72	0.1
plate_2	CL00011	cellline_BA	tissue_x	26	G00004	drug_004	moa_A	3.16227766016838	58	0	72	0.1
plate_2	CL00012	cellline_CA	tissue_x	30	G00004	drug_004	moa_A	3.16227766016838	62.5	0	72	0.1
plate_2	CL00013	cellline_DA	tissue_x	34	G00004	drug_004	moa_A	3.16227766016838	60.9	0	72	0.1
plate_2	CL00014	cellline_EA	tissue_x	38	G00004	drug_004	moa_A	3.16227766016838	87.7	0	72	0.1
plate_2	CL00015	cellline_FA	tissue_x	42	G00004	drug_004	moa_A	3.16227766016838	57.1	0	72	0.1
plate_2	CL00011	cellline_BA	tissue_x	26	G00005	drug_005	moa_A	3.16227766016838	80.6	0	72	0.1
plate_2	CL00012	cellline_CA	tissue_x	30	G00005	drug_005	moa_A	3.16227766016838	90.6	0	72	0.1
plate_2	CL00013	cellline_DA	tissue_x	34	G00005	drug_005	moa_A	3.16227766016838	54.6	0	72	0.1
plate_2	CL00014	cellline_EA	tissue_x	38	G00005	drug_005	moa_A	3.16227766016838	72.3	0	72	0.1
plate_2	CL00015	cellline_FA	tissue_x	42	G00005	drug_005	moa_A	3.16227766016838	44.3	0	72	0.1
plate_3	CL00011	cellline_BA	tissue_x	26	G00002	drug_002	moa_A	3.16227766016838	63.5	0	72	0.1
plate_3	CL00012	cellline_CA	tissue_x	30	G00002	drug_002	moa_A	3.16227766016838	81.6	0	72	0.1
plate_3	CL00013	cellline_DA	tissue_x	34	G00002	drug_002	moa_A	3.16227766016838	83.1	0	72	0.1
plate_3	CL00014	cellline_EA	tissue_x	38	G00002	drug_002	moa_A	3.16227766016838	95.5	0	72	0.1
plate_3	CL00015	cellline_FA	tissue_x	42	G00002	drug_002	moa_A	3.16227766016838	49.5	0	72	0.1
plate_3	CL00011	cellline_BA	tissue_x	26	G00003	drug_003	moa_A	3.16227766016838	74.7	0	72	0.1
plate_3	CL00012	cellline_CA	tissue_x	30	G00003	drug_003	moa_A	3.16227766016838	92.5	0	72	0.1
plate_3	CL00013	cellline_DA	tissue_x	34	G00003	drug_003	moa_A	3.16227766016838	82.9	0	72	0.1
plate_3	CL00014	cellline_EA	tissue_x	38	G00003	drug_003	moa_A	3.16227766016838	75.3	0	72	0.1
plate_3	CL00015	cellline_FA	tissue_x	42	G00003	drug_003	moa_A	3.16227766016838	71.8	0	72	0.1
plate_3	CL00011	cellline_BA	tissue_x	26	G00004	drug_004	moa_A	3.16227766016838	58	0	72	0.1
plate_3	CL00012	cellline_CA	tissue_x	30	G00004	drug_004	moa_A	3.16227766016838	62.5	0	72	0.1
plate_3	CL00013	cellline_DA	tissue_x	34	G00004	drug_004	moa_A	3.16227766016838	60.9	0	72	0.1
plate_3	CL00014	cellline_EA	tissue_x	38	G00004	drug_004	moa_A	3.16227766016838	87.7	0	72	0.1
plate_3	CL00015	cellline_FA	tissue_x	42	G00004	drug_004	moa_A	3.16227766016838	57.1	0	72	0.1
plate_3	CL00011	cellline_BA	tissue_x	26	G00005	drug_005	moa_A	3.16227766016838	80.6	0	72	0.1
plate_3	CL00012	cellline_CA	tissue_x	30	G00005	drug_005	moa_A	3.16227766016838	90.6	0	72	0.1
plate_3	CL00013	cellline_DA	tissue_x	34	G00005	drug_005	moa_A	3.16227766016838	54.6	0	72	0.1
plate_3	CL00014	cellline_EA	tissue_x	38	G00005	drug_005	moa_A	3.16227766016838	72.3	0	72	0.1
plate_3	CL00015	cellline_FA	tissue_x	42	G00005	drug_005	moa_A	3.16227766016838	44.3	0	72	0.1
plate_1	CL00011	cellline_BA	tissue_x	26	G00002	drug_002	moa_A	10	63.5	0	72	0.1
plate_1	CL00012	cellline_CA	tissue_x	30	G00002	drug_002	moa_A	10	81.6	0	72	0.1
plate_1	CL00013	cellline_DA	tissue_x	34	G00002	drug_002	moa_A	10	83.1	0	72	0.1
plate_1	CL00014	cellline_EA	tissue_x	38	G00002	drug_002	moa_A	10	95.5	0	72	0.1
plate_1	CL00015	cellline_FA	tissue_x	42	G00002	drug_002	moa_A	10	49.5	0	72	0.1
plate_1	CL00011	cellline_BA	tissue_x	26	G00003	drug_003	moa_A	10	74.7	0	72	0.1
plate_1	CL00012	cellline_CA	tissue_x	30	G00003	drug_003	moa_A	10	92.5	0	72	0.1
plate_1	CL00013	cellline_DA	tissue_x	34	G00003	drug_003	moa_A	10	82.9	0	72	0.1
plate_1	CL00014	cellline_EA	tissue_x	38	G00003	drug_003	moa_A	10	75.3	0	72	0.1
plate_1	CL00015	cellline_FA	tissue_x	42	G00003	drug_003	moa_A	10	71.8	0	72	0.1
plate_1	CL00011	cellline_BA	tissue_x	26	G00004	drug_004	moa_A	10	58	0	72	0.1
plate_1	CL00012	cellline_CA	tissue_x	30	G00004	drug_004	moa_A	10	62.5	0	72	0.1
plate_1	CL00013	cellline_DA	tissue_x	34	G00004	drug_004	moa_A	10	60.9	0	72	0.1
plate_1	CL00014	cellline_EA	tissue_x	38	G00004	drug_004	moa_A	10	87.7	0	72	0.1
plate_1	CL00015	cellline_FA	tissue_x	42	G00004	drug_004	moa_A	10	57.1	0	72	0.1
plate_1	CL00011	cellline_BA	tissue_x	26	G00005	drug_005	moa_A	10	80.6	0	72	0.1
plate_1	CL00012	cellline_CA	tissue_x	30	G00005	drug_005	moa_A	10	90.6	0	72	0.1
plate_1	CL00013	cellline_DA	tissue_x	34	G00005	drug_005	moa_A	10	54.6	0	72	0.1
plate_1	CL00014	cellline_EA	tissue_x	38	G00005	drug_005	moa_A	10	72.3	0	72	0.1
plate_1	CL00015	cellline_FA	tissue_x	42	G00005	drug_005	moa_A	10	44.3	0	72	0.1
plate_2	CL00011	cellline_BA	tissue_x	26	G00002	drug_002	moa_A	10	63.5	0	72	0.1
plate_2	CL00012	cellline_CA	tissue_x	30	G00002	drug_002	moa_A	10	81.6	0	72	0.1
plate_2	CL00013	cellline_DA	tissue_x	34	G00002	drug_002	moa_A	10	83.1	0	72	0.1
plate_2	CL00014	cellline_EA	tissue_x	38	G00002	drug_002	moa_A	10	95.5	0	72	0.1
plate_2	CL00015	cellline_FA	tissue_x	42	G00002	drug_002	moa_A	10	49.5	0	72	0.1
plate_2	CL00011	cellline_BA	tissue_x	26	G00003	drug_003	moa_A	10	74.7	0	72	0.1
plate_2	CL00012	cellline_CA	tissue_x	30	G00003	drug_003	moa_A	10	92.5	0	72	0.1
plate_2	CL00013	cellline_DA	tissue_x	34	G00003	drug_003	moa_A	10	82.9	0	72	0.1
plate_2	CL00014	cellline_EA	tissue_x	38	G00003	drug_003	moa_A	10	75.3	0	72	0.1
plate_2	CL00015	cellline_FA	tissue_x	42	G00003	drug_003	moa_A	10	71.8	0	72	0.1
plate_2	CL00011	cellline_BA	tissue_x	26	G00004	drug_004	moa_A	10	58	0	72	0.1
plate_2	CL00012	cellline_CA	tissue_x	30	G00004	drug_004	moa_A	10	62.5	0	72	0.1
plate_2	CL00013	cellline_DA	tissue_x	34	G00004	drug_004	moa_A	10	60.9	0	72	0.1
plate_2	CL00014	cellline_EA	tissue_x	38	G00004	drug_004	moa_A	10	87.7	0	72	0.1
plate_2	CL00015	cellline_FA	tissue_x	42	G00004	drug_004	moa_A	10	57.1	0	72	0.1
plate_2	CL00011	cellline_BA	tissue_x	26	G00005	drug_005	moa_A	10	80.6	0	72	0.1
plate_2	CL00012	cellline_CA	tissue_x	30	G00005	drug_005	moa_A	10	90.6	0	72	0.1
plate_2	CL00013	cellline_DA	tissue_x	34	G00005	drug_005	moa_A	10	54.6	0	72	0.1
plate_2	CL00014	cellline_EA	tissue_x	38	G00005	drug_005	moa_A	10	72.3	0	72	0.1
plate_2	CL00015	cellline_FA	tissue_x	42	G00005	drug_005	moa_A	10	44.3	0	72	0.1
plate_3	CL00011	cellline_BA	tissue_x	26	G00002	drug_002	moa_A	10	63.5	0	72	0.1
plate_3	CL00012	cellline_CA	tissue_x	30	G00002	drug_002	moa_A	10	81.6	0	72	0.1
plate_3	CL00013	cellline_DA	tissue_x	34	G00002	drug_002	moa_A	10	83.1	0	72	0.1
plate_3	CL00014	cellline_EA	tissue_x	38	G00002	drug_002	moa_A	10	95.5	0	72	0.1
plate_3	CL00015	cellline_FA	tissue_x	42	G00002	drug_002	moa_A	10	49.5	0	72	0.1
plate_3	CL00011	cellline_BA	tissue_x	26	G00003	drug_003	moa_A	10	74.7	0	72	0.1
plate_3	CL00012	cellline_CA	tissue_x	30	G00003	drug_003	moa_A	10	92.5	0	72	0.1
plate_3	CL00013	cellline_DA	tissue_x	34	G00003	drug_003	moa_A	10	82.9	0	72	0.1
plate_3	CL00014	cellline_EA	tissue_x	38	G00003	drug_003	moa_A	10	75.3	0	72	0.1
plate_3	CL00015	cellline_FA	tissue_x	42	G00003	drug_003	moa_A	10	71.8	0	72	0.1
plate_3	CL00011	cellline_BA	tissue_x	26	G00004	drug_004	moa_A	10	58	0	72	0.1
plate_3	CL00012	cellline_CA	tissue_x	30	G00004	drug_004	moa_A	10	62.5	0	72	0.1
plate_3	CL00013	cellline_DA	tissue_x	34	G00004	drug_004	moa_A	10	60.9	0	72	0.1
plate_3	CL00014	cellline_EA	tissue_x	38	G00004	drug_004	moa_A	10	87.7	0	72	0.1
plate_3	CL00015	cellline_FA	tissue_x	42	G00004	drug_004	moa_A	10	57.1	0	72	0.1
plate_3	CL00011	cellline_BA	tissue_x	26	G00005	drug_005	moa_A	10	80.6	0	72	0.1
plate_3	CL00012	cellline_CA	tissue_x	30	G00005	drug_005	moa_A	10	90.6	0	72	0.1
plate_3	CL00013	cellline_DA	tissue_x	34	G00005	drug_005	moa_A	10	54.6	0	72	0.1
plate_3	CL00014	cellline_EA	tissue_x	38	G00005	drug_005	moa_A	10	72.3	0	72	0.1
plate_3	CL00015	cellline_FA	tissue_x	42	G00005	drug_005	moa_A	10	44.3	0	72	0.1
plate_11	CL00011	cellline_BA	tissue_x	26	vehicle	vehicle	vehicle	0	79.3	0	72	0
plate_11	CL00012	cellline_CA	tissue_x	30	vehicle	vehicle	vehicle	0	79.3	0	72	0
plate_11	CL00013	cellline_DA	tissue_x	34	vehicle	vehicle	vehicle	0	49.6	0	72	0
plate_11	CL00014	cellline_EA	tissue_x	38	vehicle	vehicle	vehicle	0	49.6	0	72	0
plate_11	CL00015	cellline_FA	tissue_x	42	vehicle	vehicle	vehicle	0	99.1	0	72	0
plate_11	CL00011	cellline_BA	tissue_x	26	vehicle	vehicle	vehicle	0	79.3	0	72	0
plate_11	CL00012	cellline_CA	tissue_x	30	vehicle	vehicle	vehicle	0	79.3	0	72	0
plate_11	CL00013	cellline_DA	tissue_x	34	vehicle	vehicle	vehicle	0	49.6	0	72	0
plate_11	CL00014	cellline_EA	tissue_x	38	vehicle	vehicle	vehicle	0	49.6	0	72	0
plate_11	CL00015	cellline_FA	tissue_x	42	vehicle	vehicle	vehicle	0	99.1	0	72	0
plate_11	CL00011	cellline_BA	tissue_x	26	vehicle	vehicle	vehicle	0	79.3	0	72	0
plate_11	CL00012	cellline_CA	tissue_x	30	vehicle	vehicle	vehicle	0	79.3	0	72	0
plate_11	CL00013	cellline_DA	tissue_x	34	vehicle	vehicle	vehicle	0	49.6	0	72	0
plate_11	CL00014	cellline_EA	tissue_x	38	vehicle	vehicle	vehicle	0	49.6	0	72	0
plate_11	CL00015	cellline_FA	tissue_x	42	vehicle	vehicle	vehicle	0	99.1	0	72	0
plate_11	CL00011	cellline_BA	tissue_x	26	vehicle	vehicle	vehicle	0	79.3	0	72	0
plate_11	CL00012	cellline_CA	tissue_x	30	vehicle	vehicle	vehicle	0	79.3	0	72	0
plate_11	CL00013	cellline_DA	tissue_x	34	vehicle	vehicle	vehicle	0	49.6	0	72	0
plate_11	CL00014	cellline_EA	tissue_x	38	vehicle	vehicle	vehicle	0	49.6	0	72	0
plate_11	CL00015	cellline_FA	tissue_x	42	vehicle	vehicle	vehicle	0	99.1	0	72	0
plate_21	CL00011	cellline_BA	tissue_x	26	vehicle	vehicle	vehicle	0	79.3	0	72	0
plate_21	CL00012	cellline_CA	tissue_x	30	vehicle	vehicle	vehicle	0	79.3	0	72	0
plate_21	CL00013	cellline_DA	tissue_x	34	vehicle	vehicle	vehicle	0	49.6	0	72	0
plate_21	CL00014	cellline_EA	tissue_x	38	vehicle	vehicle	vehicle	0	49.6	0	72	0
plate_21	CL00015	cellline_FA	tissue_x	42	vehicle	vehicle	vehicle	0	99.1	0	72	0
plate_21	CL00011	cellline_BA	tissue_x	26	vehicle	vehicle	vehicle	0	79.3	0	72	0
plate_21	CL00012	cellline_CA	tissue_x	30	vehicle	vehicle	vehicle	0	79.3	0	72	0
plate_21	CL00013	cellline_DA	tissue_x	34	vehicle	vehicle	vehicle	0	49.6	0	72	0
plate_21	CL00014	cellline_EA	tissue_x	38	vehicle	vehicle	vehicle	0	49.6	0	72	0
plate_21	CL00015	cellline_FA	tissue_x	42	vehicle	vehicle	vehicle	0	99.1	0	72	0
plate_21	CL00011	cellline_BA	tissue_x	26	vehicle	vehicle	vehicle	0	79.3	0	72	0
plate_21	CL00012	cellline_CA	tissue_x	30	vehicle	vehicle	vehicle	0	79.3	0	72	0
plate_21	CL00013	cellline_DA	tissue_x	34	vehicle	vehicle	vehicle	0	49.6	0	72	0
plate_21	CL00014	cellline_EA	tissue_x	38	vehicle	vehicle	vehicle	0	49.6	0	72	0
plate_21	CL00015	cellline_FA	tissue_x	42	vehicle	vehicle	vehicle	0	99.1	0	72	0
plate_21	CL00011	cellline_BA	tissue_x	26	vehicle	vehicle	vehicle	0	79.3	0	72	0
plate_21	CL00012	cellline_CA	tissue_x	30	vehicle	vehicle	vehicle	0	79.3	0	72	0
plate_21	CL00013	cellline_DA	tissue_x	34	vehicle	vehicle	vehicle	0	49.6	0	72	0
plate_21	CL00014	cellline_EA	tissue_x	38	vehicle	vehicle	vehicle	0	49.6	0	72	0
plate_21	CL00015	cellline_FA	tissue_x	42	vehicle	vehicle	vehicle	0	99.1	0	72	0
plate_31	CL00011	cellline_BA	tissue_x	26	vehicle	vehicle	vehicle	0	79.3	0	72	0
plate_31	CL00012	cellline_CA	tissue_x	30	vehicle	vehicle	vehicle	0	79.3	0	72	0
plate_31	CL00013	cellline_DA	tissue_x	34	vehicle	vehicle	vehicle	0	49.6	0	72	0
plate_31	CL00014	cellline_EA	tissue_x	38	vehicle	vehicle	vehicle	0	49.6	0	72	0
plate_31	CL00015	cellline_FA	tissue_x	42	vehicle	vehicle	vehicle	0	99.1	0	72	0
plate_31	CL00011	cellline_BA	tissue_x	26	vehicle	vehicle	vehicle	0	79.3	0	72	0
plate_31	CL00012	cellline_CA	tissue_x	30	vehicle	vehicle	vehicle	0	79.3	0	72	0
plate_31	CL00013	cellline_DA	tissue_x	34	vehicle	vehicle	vehicle	0	49.6	0	72	0
plate_31	CL00014	cellline_EA	tissue_x	38	vehicle	vehicle	vehicle	0	49.6	0	72	0
plate_31	CL00015	cellline_FA	tissue_x	42	vehicle	vehicle	vehicle	0	99.1	0	72	0
plate_31	CL00011	cellline_BA	tissue_x	26	vehicle	vehicle	vehicle	0	79.3	0	72	0
plate_31	CL00012	cellline_CA	tissue_x	30	vehicle	vehicle	vehicle	0	79.3	0	72	0
plate_31	CL00013	cellline_DA	tissue_x	34	vehicle	vehicle	vehicle	0	49.6	0	72	0
plate_31	CL00014	cellline_EA	tissue_x	38	vehicle	vehicle	vehicle	0	49.6	0	72	0
plate_31	CL00015	cellline_FA	tissue_x	42	vehicle	vehicle	vehicle	0	99.1	0	72	0
plate_31	CL00011	cellline_BA	tissue_x	26	vehicle	vehicle	vehicle	0	79.3	0	72	0
plate_31	CL00012	cellline_CA	tissue_x	30	vehicle	vehicle	vehicle	0	79.3	0	72	0
plate_31	CL00013	cellline_DA	tissue_x	34	vehicle	vehicle	vehicle	0	49.6	0	72	0
plate_31	CL00014	cellline_EA	tissue_x	38	vehicle	vehicle	vehicle	0	49.6	0	72	0
plate_31	CL00015	cellline_FA	tissue_x	42	vehicle	vehicle	vehicle	0	99.1	0	72	0
plate_11	CL00011	cellline_BA	tissue_x	26	vehicle	vehicle	vehicle	0	79.3	0	72	0
plate_11	CL00012	cellline_CA	tissue_x	30	vehicle	vehicle	vehicle	0	79.3	0	72	0
plate_11	CL00013	cellline_DA	tissue_x	34	vehicle	vehicle	vehicle	0	49.6	0	72	0
plate_11	CL00014	cellline_EA	tissue_x	38	vehicle	vehicle	vehicle	0	49.6	0	72	0
plate_11	CL00015	cellline_FA	tissue_x	42	vehicle	vehicle	vehicle	0	99.1	0	72	0
plate_11	CL00011	cellline_BA	tissue_x	26	vehicle	vehicle	vehicle	0	79.3	0	72	0
plate_11	CL00012	cellline_CA	tissue_x	30	vehicle	vehicle	vehicle	0	79.3	0	72	0
plate_11	CL00013	cellline_DA	tissue_x	34	vehicle	vehicle	vehicle	0	49.6	0	72	0
plate_11	CL00014	cellline_EA	tissue_x	38	vehicle	vehicle	vehicle	0	49.6	0	72	0
plate_11	CL00015	cellline_FA	tissue_x	42	vehicle	vehicle	vehicle	0	99.1	0	72	0
plate_11	CL00011	cellline_BA	tissue_x	26	vehicle	vehicle	vehicle	0	79.3	0	72	0
plate_11	CL00012	cellline_CA	tissue_x	30	vehicle	vehicle	vehicle	0	79.3	0	72	0
plate_11	CL00013	cellline_DA	tissue_x	34	vehicle	vehicle	vehicle	0	49.6	0	72	0
plate_11	CL00014	cellline_EA	tissue_x	38	vehicle	vehicle	vehicle	0	49.6	0	72	0
plate_11	CL00015	cellline_FA	tissue_x	42	vehicle	vehicle	vehicle	0	99.1	0	72	0
plate_11	CL00011	cellline_BA	tissue_x	26	vehicle	vehicle	vehicle	0	79.3	0	72	0
plate_11	CL00012	cellline_CA	tissue_x	30	vehicle	vehicle	vehicle	0	79.3	0	72	0
plate_11	CL00013	cellline_DA	tissue_x	34	vehicle	vehicle	vehicle	0	49.6	0	72	0
plate_11	CL00014	cellline_EA	tissue_x	38	vehicle	vehicle	vehicle	0	49.6	0	72	0
plate_11	CL00015	cellline_FA	tissue_x	42	vehicle	vehicle	vehicle	0	99.1	0	72	0
plate_21	CL00011	cellline_BA	tissue_x	26	vehicle	vehicle	vehicle	0	79.3	0	72	0
plate_21	CL00012	cellline_CA	tissue_x	30	vehicle	vehicle	vehicle	0	79.3	0	72	0
plate_21	CL00013	cellline_DA	tissue_x	34	vehicle	vehicle	vehicle	0	49.6	0	72	0
plate_21	CL00014	cellline_EA	tissue_x	38	vehicle	vehicle	vehicle	0	49.6	0	72	0
plate_21	CL00015	cellline_FA	tissue_x	42	vehicle	vehicle	vehicle	0	99.1	0	72	0
plate_21	CL00011	cellline_BA	tissue_x	26	vehicle	vehicle	vehicle	0	79.3	0	72	0
plate_21	CL00012	cellline_CA	tissue_x	30	vehicle	vehicle	vehicle	0	79.3	0	72	0
plate_21	CL00013	cellline_DA	tissue_x	34	vehicle	vehicle	vehicle	0	49.6	0	72	0
plate_21	CL00014	cellline_EA	tissue_x	38	vehicle	vehicle	vehicle	0	49.6	0	72	0
plate_21	CL00015	cellline_FA	tissue_x	42	vehicle	vehicle	vehicle	0	99.1	0	72	0
plate_21	CL00011	cellline_BA	tissue_x	26	vehicle	vehicle	vehicle	0	79.3	0	72	0
plate_21	CL00012	cellline_CA	tissue_x	30	vehicle	vehicle	vehicle	0	79.3	0	72	0
plate_21	CL00013	cellline_DA	tissue_x	34	vehicle	vehicle	vehicle	0	49.6	0	72	0
plate_21	CL00014	cellline_EA	tissue_x	38	vehicle	vehicle	vehicle	0	49.6	0	72	0
plate_21	CL00015	cellline_FA	tissue_x	42	vehicle	vehicle	vehicle	0	99.1	0	72	0
plate_21	CL00011	cellline_BA	tissue_x	26	vehicle	vehicle	vehicle	0	79.3	0	72	0
plate_21	CL00012	cellline_CA	tissue_x	30	vehicle	vehicle	vehicle	0	79.3	0	72	0
plate_21	CL00013	cellline_DA	tissue_x	34	vehicle	vehicle	vehicle	0	49.6	0	72	0
plate_21	CL00014	cellline_EA	tissue_x	38	vehicle	vehicle	vehicle	0	49.6	0	72	0
plate_21	CL00015	cellline_FA	tissue_x	42	vehicle	vehicle	vehicle	0	99.1	0	72	0
plate_31	CL00011	cellline_BA	tissue_x	26	vehicle	vehicle	vehicle	0	79.3	0	72	0
plate_31	CL00012	cellline_CA	tissue_x	30	vehicle	vehicle	vehicle	0	79.3	0	72	0
plate_31	CL00013	cellline_DA	tissue_x	34	vehicle	vehicle	vehicle	0	49.6	0	72	0
plate_31	CL00014	cellline_EA	tissue_x	38	vehicle	vehicle	vehicle	0	49.6	0	72	0
plate_31	CL00015	cellline_FA	tissue_x	42	vehicle	vehicle	vehicle	0	99.1	0	72	0
plate_31	CL00011	cellline_BA	tissue_x	26	vehicle	vehicle	vehicle	0	79.3	0	72	0
plate_31	CL00012	cellline_CA	tissue_x	30	vehicle	vehicle	vehicle	0	79.3	0	72	0
plate_31	CL00013	cellline_DA	tissue_x	34	vehicle	vehicle	vehicle	0	49.6	0	72	0
plate_31	CL00014	cellline_EA	tissue_x	38	vehicle	vehicle	vehicle	0	49.6	0	72	0
plate_31	CL00015	cellline_FA	tissue_x	42	vehicle	vehicle	vehicle	0	99.1	0	72	0
plate_31	CL00011	cellline_BA	tissue_x	26	vehicle	vehicle	vehicle	0	79.3	0	72	0
plate_31	CL00012	cellline_CA	tissue_x	30	vehicle	vehicle	vehicle	0	79.3	0	72	0
plate_31	CL00013	cellline_DA	tissue_x	34	vehicle	vehicle	vehicle	0	49.6	0	72	0
plate_31	CL00014	cellline_EA	tissue_x	38	vehicle	vehicle	vehicle	0	49.6	0	72	0
plate_31	CL00015	cellline_FA	tissue_x	42	vehicle	vehicle	vehicle	0	99.1	0	72	0
plate_31	CL00011	cellline_BA	tissue_x	26	vehicle	vehicle	vehicle	0	79.3	0	72	0
plate_31	CL00012	cellline_CA	tissue_x	30	vehicle	vehicle	vehicle	0	79.3	0	72	0
plate_31	CL00013	cellline_DA	tissue_x	34	vehicle	vehicle	vehicle	0	49.6	0	72	0
plate_31	CL00014	cellline_EA	tissue_x	38	vehicle	vehicle	vehicle	0	49.6	0	72	0
plate_31	CL00015	cellline_FA	tissue_x	42	vehicle	vehicle	vehicle	0	99.1	0	72	0
plate_11	CL00011	cellline_BA	tissue_x	26	G00002	drug_002	moa_A	0.001	76.9	0	72	0
plate_11	CL00012	cellline_CA	tissue_x	30	G00002	drug_002	moa_A	0.001	79.3	0	72	0
plate_11	CL00013	cellline_DA	tissue_x	34	G00002	drug_002	moa_A	0.001	49.6	0	72	0
plate_11	CL00014	cellline_EA	tissue_x	38	G00002	drug_002	moa_A	0.001	49.6	0	72	0
plate_11	CL00015	cellline_FA	tissue_x	42	G00002	drug_002	moa_A	0.001	95.3	0	72	0
plate_11	CL00011	cellline_BA	tissue_x	26	G00003	drug_003	moa_A	0.001	79	0	72	0
plate_11	CL00012	cellline_CA	tissue_x	30	G00003	drug_003	moa_A	0.001	79.3	0	72	0
plate_11	CL00013	cellline_DA	tissue_x	34	G00003	drug_003	moa_A	0.001	49.6	0	72	0
plate_11	CL00014	cellline_EA	tissue_x	38	G00003	drug_003	moa_A	0.001	49.6	0	72	0
plate_11	CL00015	cellline_FA	tissue_x	42	G00003	drug_003	moa_A	0.001	97.2	0	72	0
plate_21	CL00011	cellline_BA	tissue_x	26	G00002	drug_002	moa_A	0.001	76.9	0	72	0
plate_21	CL00012	cellline_CA	tissue_x	30	G00002	drug_002	moa_A	0.001	79.3	0	72	0
plate_21	CL00013	cellline_DA	tissue_x	34	G00002	drug_002	moa_A	0.001	49.6	0	72	0
plate_21	CL00014	cellline_EA	tissue_x	38	G00002	drug_002	moa_A	0.001	49.6	0	72	0
plate_21	CL00015	cellline_FA	tissue_x	42	G00002	drug_002	moa_A	0.001	95.3	0	72	0
plate_21	CL00011	cellline_BA	tissue_x	26	G00003	drug_003	moa_A	0.001	79	0	72	0
plate_21	CL00012	cellline_CA	tissue_x	30	G00003	drug_003	moa_A	0.001	79.3	0	72	0
plate_21	CL00013	cellline_DA	tissue_x	34	G00003	drug_003	moa_A	0.001	49.6	0	72	0
plate_21	CL00014	cellline_EA	tissue_x	38	G00003	drug_003	moa_A	0.001	49.6	0	72	0
plate_21	CL00015	cellline_FA	tissue_x	42	G00003	drug_003	moa_A	0.001	97.2	0	72	0
plate_31	CL00011	cellline_BA	tissue_x	26	G00002	drug_002	moa_A	0.001	76.9	0	72	0
plate_31	CL00012	cellline_CA	tissue_x	30	G00002	drug_002	moa_A	0.001	79.3	0	72	0
plate_31	CL00013	cellline_DA	tissue_x	34	G00002	drug_002	moa_A	0.001	49.6	0	72	0
plate_31	CL00014	cellline_EA	tissue_x	38	G00002	drug_002	moa_A	0.001	49.6	0	72	0
plate_31	CL00015	cellline_FA	tissue_x	42	G00002	drug_002	moa_A	0.001	95.3	0	72	0
plate_31	CL00011	cellline_BA	tissue_x	26	G00003	drug_003	moa_A	0.001	79	0	72	0
plate_31	CL00012	cellline_CA	tissue_x	30	G00003	drug_003	moa_A	0.001	79.3	0	72	0
plate_31	CL00013	cellline_DA	tissue_x	34	G00003	drug_003	moa_A	0.001	49.6	0	72	0
plate_31	CL00014	cellline_EA	tissue_x	38	G00003	drug_003	moa_A	0.001	49.6	0	72	0
plate_31	CL00015	cellline_FA	tissue_x	42	G00003	drug_003	moa_A	0.001	97.2	0	72	0
plate_11	CL00011	cellline_BA	tissue_x	26	G00002	drug_002	moa_A	0.00316227766016838	61.5	0	72	0
plate_11	CL00012	cellline_CA	tissue_x	30	G00002	drug_002	moa_A	0.00316227766016838	79	0	72	0
plate_11	CL00013	cellline_DA	tissue_x	34	G00002	drug_002	moa_A	0.00316227766016838	49.6	0	72	0
plate_11	CL00014	cellline_EA	tissue_x	38	G00002	drug_002	moa_A	0.00316227766016838	49.6	0	72	0
plate_11	CL00015	cellline_FA	tissue_x	42	G00002	drug_002	moa_A	0.00316227766016838	68.4	0	72	0
plate_11	CL00011	cellline_BA	tissue_x	26	G00003	drug_003	moa_A	0.00316227766016838	75.1	0	72	0
plate_11	CL00012	cellline_CA	tissue_x	30	G00003	drug_003	moa_A	0.00316227766016838	79.3	0	72	0
plate_11	CL00013	cellline_DA	tissue_x	34	G00003	drug_003	moa_A	0.00316227766016838	49.6	0	72	0
plate_11	CL00014	cellline_EA	tissue_x	38	G00003	drug_003	moa_A	0.00316227766016838	49.3	0	72	0
plate_11	CL00015	cellline_FA	tissue_x	42	G00003	drug_003	moa_A	0.00316227766016838	82.4	0	72	0
plate_21	CL00011	cellline_BA	tissue_x	26	G00002	drug_002	moa_A	0.00316227766016838	61.5	0	72	0
plate_21	CL00012	cellline_CA	tissue_x	30	G00002	drug_002	moa_A	0.00316227766016838	79	0	72	0
plate_21	CL00013	cellline_DA	tissue_x	34	G00002	drug_002	moa_A	0.00316227766016838	49.6	0	72	0
plate_21	CL00014	cellline_EA	tissue_x	38	G00002	drug_002	moa_A	0.00316227766016838	49.6	0	72	0
plate_21	CL00015	cellline_FA	tissue_x	42	G00002	drug_002	moa_A	0.00316227766016838	68.4	0	72	0
plate_21	CL00011	cellline_BA	tissue_x	26	G00003	drug_003	moa_A	0.00316227766016838	75.1	0	72	0
plate_21	CL00012	cellline_CA	tissue_x	30	G00003	drug_003	moa_A	0.00316227766016838	79.3	0	72	0
plate_21	CL00013	cellline_DA	tissue_x	34	G00003	drug_003	moa_A	0.00316227766016838	49.6	0	72	0
plate_21	CL00014	cellline_EA	tissue_x	38	G00003	drug_003	moa_A	0.00316227766016838	49.3	0	72	0
plate_21	CL00015	cellline_FA	tissue_x	42	G00003	drug_003	moa_A	0.00316227766016838	82.4	0	72	0
plate_31	CL00011	cellline_BA	tissue_x	26	G00002	drug_002	moa_A	0.00316227766016838	61.5	0	72	0
plate_31	CL00012	cellline_CA	tissue_x	30	G00002	drug_002	moa_A	0.00316227766016838	79	0	72	0
plate_31	CL00013	cellline_DA	tissue_x	34	G00002	drug_002	moa_A	0.00316227766016838	49.6	0	72	0
plate_31	CL00014	cellline_EA	tissue_x	38	G00002	drug_002	moa_A	0.00316227766016838	49.6	0	72	0
plate_31	CL00015	cellline_FA	tissue_x	42	G00002	drug_002	moa_A	0.00316227766016838	68.4	0	72	0
plate_31	CL00011	cellline_BA	tissue_x	26	G00003	drug_003	moa_A	0.00316227766016838	75.1	0	72	0
plate_31	CL00012	cellline_CA	tissue_x	30	G00003	drug_003	moa_A	0.00316227766016838	79.3	0	72	0
plate_31	CL00013	cellline_DA	tissue_x	34	G00003	drug_003	moa_A	0.00316227766016838	49.6	0	72	0
plate_31	CL00014	cellline_EA	tissue_x	38	G00003	drug_003	moa_A	0.00316227766016838	49.3	0	72	0
plate_31	CL00015	cellline_FA	tissue_x	42	G00003	drug_003	moa_A	0.00316227766016838	82.4	0	72	0
plate_11	CL00011	cellline_BA	tissue_x	26	G00002	drug_002	moa_A	0.01	40.6	0	72	0
plate_11	CL00012	cellline_CA	tissue_x	30	G00002	drug_002	moa_A	0.01	74.5	0	72	0
plate_11	CL00013	cellline_DA	tissue_x	34	G00002	drug_002	moa_A	0.01	49.2	0	72	0
plate_11	CL00014	cellline_EA	tissue_x	38	G00002	drug_002	moa_A	0.01	49.5	0	72	0
plate_11	CL00015	cellline_FA	tissue_x	42	G00002	drug_002	moa_A	0.01	30.4	0	72	0
plate_11	CL00011	cellline_BA	tissue_x	26	G00003	drug_003	moa_A	0.01	58.1	0	72	0
plate_11	CL00012	cellline_CA	tissue_x	30	G00003	drug_003	moa_A	0.01	78.8	0	72	0
plate_11	CL00013	cellline_DA	tissue_x	34	G00003	drug_003	moa_A	0.01	49.3	0	72	0
plate_11	CL00014	cellline_EA	tissue_x	38	G00003	drug_003	moa_A	0.01	46.3	0	72	0
plate_11	CL00015	cellline_FA	tissue_x	42	G00003	drug_003	moa_A	0.01	61.9	0	72	0
plate_21	CL00011	cellline_BA	tissue_x	26	G00002	drug_002	moa_A	0.01	40.6	0	72	0
plate_21	CL00012	cellline_CA	tissue_x	30	G00002	drug_002	moa_A	0.01	74.5	0	72	0
plate_21	CL00013	cellline_DA	tissue_x	34	G00002	drug_002	moa_A	0.01	49.2	0	72	0
plate_21	CL00014	cellline_EA	tissue_x	38	G00002	drug_002	moa_A	0.01	49.5	0	72	0
plate_21	CL00015	cellline_FA	tissue_x	42	G00002	drug_002	moa_A	0.01	30.4	0	72	0
plate_21	CL00011	cellline_BA	tissue_x	26	G00003	drug_003	moa_A	0.01	58.1	0	72	0
plate_21	CL00012	cellline_CA	tissue_x	30	G00003	drug_003	moa_A	0.01	78.8	0	72	0
plate_21	CL00013	cellline_DA	tissue_x	34	G00003	drug_003	moa_A	0.01	49.3	0	72	0
plate_21	CL00014	cellline_EA	tissue_x	38	G00003	drug_003	moa_A	0.01	46.3	0	72	0
plate_21	CL00015	cellline_FA	tissue_x	42	G00003	drug_003	moa_A	0.01	61.9	0	72	0
plate_31	CL00011	cellline_BA	tissue_x	26	G00002	drug_002	moa_A	0.01	40.6	0	72	0
plate_31	CL00012	cellline_CA	tissue_x	30	G00002	drug_002	moa_A	0.01	74.5	0	72	0
plate_31	CL00013	cellline_DA	tissue_x	34	G00002	drug_002	moa_A	0.01	49.2	0	72	0
plate_31	CL00014	cellline_EA	tissue_x	38	G00002	drug_002	moa_A	0.01	49.5	0	72	0
plate_31	CL00015	cellline_FA	tissue_x	42	G00002	drug_002	moa_A	0.01	30.4	0	72	0
plate_31	CL00011	cellline_BA	tissue_x	26	G00003	drug_003	moa_A	0.01	58.1	0	72	0
plate_31	CL00012	cellline_CA	tissue_x	30	G00003	drug_003	moa_A	0.01	78.8	0	72	0
plate_31	CL00013	cellline_DA	tissue_x	34	G00003	drug_003	moa_A	0.01	49.3	0	72	0
plate_31	CL00014	cellline_EA	tissue_x	38	G00003	drug_003	moa_A	0.01	46.3	0	72	0
plate_31	CL00015	cellline_FA	tissue_x	42	G00003	drug_003	moa_A	0.01	61.9	0	72	0
plate_11	CL00011	cellline_BA	tissue_x	26	G00002	drug_002	moa_A	0.0316227766016838	36.2	0	72	0
plate_11	CL00012	cellline_CA	tissue_x	30	G00002	drug_002	moa_A	0.0316227766016838	61.5	0	72	0
plate_11	CL00013	cellline_DA	tissue_x	34	G00002	drug_002	moa_A	0.0316227766016838	44.7	0	72	0
plate_11	CL00014	cellline_EA	tissue_x	38	G00002	drug_002	moa_A	0.0316227766016838	48.5	0	72	0
plate_11	CL00015	cellline_FA	tissue_x	42	G00002	drug_002	moa_A	0.0316227766016838	22.9	0	72	0
plate_11	CL00011	cellline_BA	tissue_x	26	G00003	drug_003	moa_A	0.0316227766016838	50.6	0	72	0
plate_11	CL00012	cellline_CA	tissue_x	30	G00003	drug_003	moa_A	0.0316227766016838	74.1	0	72	0
plate_11	CL00013	cellline_DA	tissue_x	34	G00003	drug_003	moa_A	0.0316227766016838	45.2	0	72	0
plate_11	CL00014	cellline_EA	tissue_x	38	G00003	drug_003	moa_A	0.0316227766016838	35.8	0	72	0
plate_11	CL00015	cellline_FA	tissue_x	42	G00003	drug_003	moa_A	0.0316227766016838	58.3	0	72	0
plate_21	CL00011	cellline_BA	tissue_x	26	G00002	drug_002	moa_A	0.0316227766016838	36.2	0	72	0
plate_21	CL00012	cellline_CA	tissue_x	30	G00002	drug_002	moa_A	0.0316227766016838	61.5	0	72	0
plate_21	CL00013	cellline_DA	tissue_x	34	G00002	drug_002	moa_A	0.0316227766016838	44.7	0	72	0
plate_21	CL00014	cellline_EA	tissue_x	38	G00002	drug_002	moa_A	0.0316227766016838	48.5	0	72	0
plate_21	CL00015	cellline_FA	tissue_x	42	G00002	drug_002	moa_A	0.0316227766016838	22.9	0	72	0
plate_21	CL00011	cellline_BA	tissue_x	26	G00003	drug_003	moa_A	0.0316227766016838	50.6	0	72	0
plate_21	CL00012	cellline_CA	tissue_x	30	G00003	drug_003	moa_A	0.0316227766016838	74.1	0	72	0
plate_21	CL00013	cellline_DA	tissue_x	34	G00003	drug_003	moa_A	0.0316227766016838	45.2	0	72	0
plate_21	CL00014	cellline_EA	tissue_x	38	G00003	drug_003	moa_A	0.0316227766016838	35.8	0	72	0
plate_21	CL00015	cellline_FA	tissue_x	42	G00003	drug_003	moa_A	0.0316227766016838	58.3	0	72	0
plate_31	CL00011	cellline_BA	tissue_x	26	G00002	drug_002	moa_A	0.0316227766016838	36.2	0	72	0
plate_31	CL00012	cellline_CA	tissue_x	30	G00002	drug_002	moa_A	0.0316227766016838	61.5	0	72	0
plate_31	CL00013	cellline_DA	tissue_x	34	G00002	drug_002	moa_A	0.0316227766016838	44.7	0	72	0
plate_31	CL00014	cellline_EA	tissue_x	38	G00002	drug_002	moa_A	0.0316227766016838	48.5	0	72	0
plate_31	CL00015	cellline_FA	tissue_x	42	G00002	drug_002	moa_A	0.0316227766016838	22.9	0	72	0
plate_31	CL00011	cellline_BA	tissue_x	26	G00003	drug_003	moa_A	0.0316227766016838	50.6	0	72	0
plate_31	CL00012	cellline_CA	tissue_x	30	G00003	drug_003	moa_A	0.0316227766016838	74.1	0	72	0
plate_31	CL00013	cellline_DA	tissue_x	34	G00003	drug_003	moa_A	0.0316227766016838	45.2	0	72	0
plate_31	CL00014	cellline_EA	tissue_x	38	G00003	drug_003	moa_A	0.0316227766016838	35.8	0	72	0
plate_31	CL00015	cellline_FA	tissue_x	42	G00003	drug_003	moa_A	0.0316227766016838	58.3	0	72	0
plate_11	CL00011	cellline_BA	tissue_x	26	G00002	drug_002	moa_A	0.1	35.8	0	72	0
plate_11	CL00012	cellline_CA	tissue_x	30	G00002	drug_002	moa_A	0.1	58.6	0	72	0
plate_11	CL00013	cellline_DA	tissue_x	34	G00002	drug_002	moa_A	0.1	38.3	0	72	0
plate_11	CL00014	cellline_EA	tissue_x	38	G00002	drug_002	moa_A	0.1	46.8	0	72	0
plate_11	CL00015	cellline_FA	tissue_x	42	G00002	drug_002	moa_A	0.1	22.1	0	72	0
plate_11	CL00011	cellline_BA	tissue_x	26	G00003	drug_003	moa_A	0.1	49.9	0	72	0
plate_11	CL00012	cellline_CA	tissue_x	30	G00003	drug_003	moa_A	0.1	71.4	0	72	0
plate_11	CL00013	cellline_DA	tissue_x	34	G00003	drug_003	moa_A	0.1	38.3	0	72	0
plate_11	CL00014	cellline_EA	tissue_x	38	G00003	drug_003	moa_A	0.1	32	0	72	0
plate_11	CL00015	cellline_FA	tissue_x	42	G00003	drug_003	moa_A	0.1	58	0	72	0
plate_21	CL00011	cellline_BA	tissue_x	26	G00002	drug_002	moa_A	0.1	35.8	0	72	0
plate_21	CL00012	cellline_CA	tissue_x	30	G00002	drug_002	moa_A	0.1	58.6	0	72	0
plate_21	CL00013	cellline_DA	tissue_x	34	G00002	drug_002	moa_A	0.1	38.3	0	72	0
plate_21	CL00014	cellline_EA	tissue_x	38	G00002	drug_002	moa_A	0.1	46.8	0	72	0
plate_21	CL00015	cellline_FA	tissue_x	42	G00002	drug_002	moa_A	0.1	22.1	0	72	0
plate_21	CL00011	cellline_BA	tissue_x	26	G00003	drug_003	moa_A	0.1	49.9	0	72	0
plate_21	CL00012	cellline_CA	tissue_x	30	G00003	drug_003	moa_A	0.1	71.4	0	72	0
plate_21	CL00013	cellline_DA	tissue_x	34	G00003	drug_003	moa_A	0.1	38.3	0	72	0
plate_21	CL00014	cellline_EA	tissue_x	38	G00003	drug_003	moa_A	0.1	32	0	72	0
plate_21	CL00015	cellline_FA	tissue_x	42	G00003	drug_003	moa_A	0.1	58	0	72	0
plate_31	CL00011	cellline_BA	tissue_x	26	G00002	drug_002	moa_A	0.1	35.8	0	72	0
plate_31	CL00012	cellline_CA	tissue_x	30	G00002	drug_002	moa_A	0.1	58.6	0	72	0
plate_31	CL00013	cellline_DA	tissue_x	34	G00002	drug_002	moa_A	0.1	38.3	0	72	0
plate_31	CL00014	cellline_EA	tissue_x	38	G00002	drug_002	moa_A	0.1	46.8	0	72	0
plate_31	CL00015	cellline_FA	tissue_x	42	G00002	drug_002	moa_A	0.1	22.1	0	72	0
plate_31	CL00011	cellline_BA	tissue_x	26	G00003	drug_003	moa_A	0.1	49.9	0	72	0
plate_31	CL00012	cellline_CA	tissue_x	30	G00003	drug_003	moa_A	0.1	71.4	0	72	0
plate_31	CL00013	cellline_DA	tissue_x	34	G00003	drug_003	moa_A	0.1	38.3	0	72	0
plate_31	CL00014	cellline_EA	tissue_x	38	G00003	drug_003	moa_A	0.1	32	0	72	0
plate_31	CL00015	cellline_FA	tissue_x	42	G00003	drug_003	moa_A	0.1	58	0	72	0
plate_11	CL00011	cellline_BA	tissue_x	26	G00002	drug_002	moa_A	0.316227766016838	35.8	0	72	0
plate_11	CL00012	cellline_CA	tissue_x	30	G00002	drug_002	moa_A	0.316227766016838	58.3	0	72	0
plate_11	CL00013	cellline_DA	tissue_x	34	G00002	drug_002	moa_A	0.316227766016838	37.7	0	72	0
plate_11	CL00014	cellline_EA	tissue_x	38	G00002	drug_002	moa_A	0.316227766016838	46.6	0	72	0
plate_11	CL00015	cellline_FA	tissue_x	42	G00002	drug_002	moa_A	0.316227766016838	22.1	0	72	0
plate_11	CL00011	cellline_BA	tissue_x	26	G00003	drug_003	moa_A	0.316227766016838	49.9	0	72	0
plate_11	CL00012	cellline_CA	tissue_x	30	G00003	drug_003	moa_A	0.316227766016838	71.2	0	72	0
plate_11	CL00013	cellline_DA	tissue_x	34	G00003	drug_003	moa_A	0.316227766016838	37.5	0	72	0
plate_11	CL00014	cellline_EA	tissue_x	38	G00003	drug_003	moa_A	0.316227766016838	31.7	0	72	0
plate_11	CL00015	cellline_FA	tissue_x	42	G00003	drug_003	moa_A	0.316227766016838	57.9	0	72	0
plate_21	CL00011	cellline_BA	tissue_x	26	G00002	drug_002	moa_A	0.316227766016838	35.8	0	72	0
plate_21	CL00012	cellline_CA	tissue_x	30	G00002	drug_002	moa_A	0.316227766016838	58.3	0	72	0
plate_21	CL00013	cellline_DA	tissue_x	34	G00002	drug_002	moa_A	0.316227766016838	37.7	0	72	0
plate_21	CL00014	cellline_EA	tissue_x	38	G00002	drug_002	moa_A	0.316227766016838	46.6	0	72	0
plate_21	CL00015	cellline_FA	tissue_x	42	G00002	drug_002	moa_A	0.316227766016838	22.1	0	72	0
plate_21	CL00011	cellline_BA	tissue_x	26	G00003	drug_003	moa_A	0.316227766016838	49.9	0	72	0
plate_21	CL00012	cellline_CA	tissue_x	30	G00003	drug_003	moa_A	0.316227766016838	71.2	0	72	0
plate_21	CL00013	cellline_DA	tissue_x	34	G00003	drug_003	moa_A	0.316227766016838	37.5	0	72	0
plate_21	CL00014	cellline_EA	tissue_x	38	G00003	drug_003	moa_A	0.316227766016838	31.7	0	72	0
plate_21	CL00015	cellline_FA	tissue_x	42	G00003	drug_003	moa_A	0.316227766016838	57.9	0	72	0
plate_31	CL00011	cellline_BA	tissue_x	26	G00002	drug_002	moa_A	0.316227766016838	35.8	0	72	0
plate_31	CL00012	cellline_CA	tissue_x	30	G00002	drug_002	moa_A	0.316227766016838	58.3	0	72	0
plate_31	CL00013	cellline_DA	tissue_x	34	G00002	drug_002	moa_A	0.316227766016838	37.7	0	72	0
plate_31	CL00014	cellline_EA	tissue_x	38	G00002	drug_002	moa_A	0.316227766016838	46.6	0	72	0
plate_31	CL00015	cellline_FA	tissue_x	42	G00002	drug_002	moa_A	0.316227766016838	22.1	0	72	0
plate_31	CL00011	cellline_BA	tissue_x	26	G00003	drug_003	moa_A	0.316227766016838	49.9	0	72	0
plate_31	CL00012	cellline_CA	tissue_x	30	G00003	drug_003	moa_A	0.316227766016838	71.2	0	72	0
plate_31	CL00013	cellline_DA	tissue_x	34	G00003	drug_003	moa_A	0.316227766016838	37.5	0	72	0
plate_31	CL00014	cellline_EA	tissue_x	38	G00003	drug_003	moa_A	0.316227766016838	31.7	0	72	0
plate_31	CL00015	cellline_FA	tissue_x	42	G00003	drug_003	moa_A	0.316227766016838	57.9	0	72	0
plate_11	CL00011	cellline_BA	tissue_x	26	G00002	drug_002	moa_A	1	35.8	0	72	0
plate_11	CL00012	cellline_CA	tissue_x	30	G00002	drug_002	moa_A	1	58.3	0	72	0
plate_11	CL00013	cellline_DA	tissue_x	34	G00002	drug_002	moa_A	1	37.6	0	72	0
plate_11	CL00014	cellline_EA	tissue_x	38	G00002	drug_002	moa_A	1	46.6	0	72	0
plate_11	CL00015	cellline_FA	tissue_x	42	G00002	drug_002	moa_A	1	22.1	0	72	0
plate_11	CL00011	cellline_BA	tissue_x	26	G00003	drug_003	moa_A	1	49.9	0	72	0
plate_11	CL00012	cellline_CA	tissue_x	30	G00003	drug_003	moa_A	1	71.1	0	72	0
plate_11	CL00013	cellline_DA	tissue_x	34	G00003	drug_003	moa_A	1	37.4	0	72	0
plate_11	CL00014	cellline_EA	tissue_x	38	G00003	drug_003	moa_A	1	31.7	0	72	0
plate_11	CL00015	cellline_FA	tissue_x	42	G00003	drug_003	moa_A	1	57.9	0	72	0
plate_21	CL00011	cellline_BA	tissue_x	26	G00002	drug_002	moa_A	1	35.8	0	72	0
plate_21	CL00012	cellline_CA	tissue_x	30	G00002	drug_002	moa_A	1	58.3	0	72	0
plate_21	CL00013	cellline_DA	tissue_x	34	G00002	drug_002	moa_A	1	37.6	0	72	0
plate_21	CL00014	cellline_EA	tissue_x	38	G00002	drug_002	moa_A	1	46.6	0	72	0
plate_21	CL00015	cellline_FA	tissue_x	42	G00002	drug_002	moa_A	1	22.1	0	72	0
plate_21	CL00011	cellline_BA	tissue_x	26	G00003	drug_003	moa_A	1	49.9	0	72	0
plate_21	CL00012	cellline_CA	tissue_x	30	G00003	drug_003	moa_A	1	71.1	0	72	0
plate_21	CL00013	cellline_DA	tissue_x	34	G00003	drug_003	moa_A	1	37.4	0	72	0
plate_21	CL00014	cellline_EA	tissue_x	38	G00003	drug_003	moa_A	1	31.7	0	72	0
plate_21	CL00015	cellline_FA	tissue_x	42	G00003	drug_003	moa_A	1	57.9	0	72	0
plate_31	CL00011	cellline_BA	tissue_x	26	G00002	drug_002	moa_A	1	35.8	0	72	0
plate_31	CL00012	cellline_CA	tissue_x	30	G00002	drug_002	moa_A	1	58.3	0	72	0
plate_31	CL00013	cellline_DA	tissue_x	34	G00002	drug_002	moa_A	1	37.6	0	72	0
plate_31	CL00014	cellline_EA	tissue_x	38	G00002	drug_002	moa_A	1	46.6	0	72	0
plate_31	CL00015	cellline_FA	tissue_x	42	G00002	drug_002	moa_A	1	22.1	0	72	0
plate_31	CL00011	cellline_BA	tissue_x	26	G00003	drug_003	moa_A	1	49.9	0	72	0
plate_31	CL00012	cellline_CA	tissue_x	30	G00003	drug_003	moa_A	1	71.1	0	72	0
plate_31	CL00013	cellline_DA	tissue_x	34	G00003	drug_003	moa_A	1	37.4	0	72	0
plate_31	CL00014	cellline_EA	tissue_x	38	G00003	drug_003	moa_A	1	31.7	0	72	0
plate_31	CL00015	cellline_FA	tissue_x	42	G00003	drug_003	moa_A	1	57.9	0	72	0
plate_11	CL00011	cellline_BA	tissue_x	26	G00002	drug_002	moa_A	3.16227766016838	35.8	0	72	0
plate_11	CL00012	cellline_CA	tissue_x	30	G00002	drug_002	moa_A	3.16227766016838	58.3	0	72	0
plate_11	CL00013	cellline_DA	tissue_x	34	G00002	drug_002	moa_A	3.16227766016838	37.6	0	72	0
plate_11	CL00014	cellline_EA	tissue_x	38	G00002	drug_002	moa_A	3.16227766016838	46.6	0	72	0
plate_11	CL00015	cellline_FA	tissue_x	42	G00002	drug_002	moa_A	3.16227766016838	22.1	0	72	0
plate_11	CL00011	cellline_BA	tissue_x	26	G00003	drug_003	moa_A	3.16227766016838	49.9	0	72	0
plate_11	CL00012	cellline_CA	tissue_x	30	G00003	drug_003	moa_A	3.16227766016838	71.1	0	72	0
plate_11	CL00013	cellline_DA	tissue_x	34	G00003	drug_003	moa_A	3.16227766016838	37.4	0	72	0
plate_11	CL00014	cellline_EA	tissue_x	38	G00003	drug_003	moa_A	3.16227766016838	31.7	0	72	0
plate_11	CL00015	cellline_FA	tissue_x	42	G00003	drug_003	moa_A	3.16227766016838	57.9	0	72	0
plate_21	CL00011	cellline_BA	tissue_x	26	G00002	drug_002	moa_A	3.16227766016838	35.8	0	72	0
plate_21	CL00012	cellline_CA	tissue_x	30	G00002	drug_002	moa_A	3.16227766016838	58.3	0	72	0
plate_21	CL00013	cellline_DA	tissue_x	34	G00002	drug_002	moa_A	3.16227766016838	37.6	0	72	0
plate_21	CL00014	cellline_EA	tissue_x	38	G00002	drug_002	moa_A	3.16227766016838	46.6	0	72	0
plate_21	CL00015	cellline_FA	tissue_x	42	G00002	drug_002	moa_A	3.16227766016838	22.1	0	72	0
plate_21	CL00011	cellline_BA	tissue_x	26	G00003	drug_003	moa_A	3.16227766016838	49.9	0	72	0
plate_21	CL00012	cellline_CA	tissue_x	30	G00003	drug_003	moa_A	3.16227766016838	71.1	0	72	0
plate_21	CL00013	cellline_DA	tissue_x	34	G00003	drug_003	moa_A	3.16227766016838	37.4	0	72	0
plate_21	CL00014	cellline_EA	tissue_x	38	G00003	drug_003	moa_A	3.16227766016838	31.7	0	72	0
plate_21	CL00015	cellline_FA	tissue_x	42	G00003	drug_003	moa_A	3.16227766016838	57.9	0	72	0
plate_31	CL00011	cellline_BA	tissue_x	26	G00002	drug_002	moa_A	3.16227766016838	35.8	0	72	0
plate_31	CL00012	cellline_CA	tissue_x	30	G00002	drug_002	moa_A	3.16227766016838	58.3	0	72	0
plate_31	CL00013	cellline_DA	tissue_x	34	G00002	drug_002	moa_A	3.16227766016838	37.6	0	72	0
plate_31	CL00014	cellline_EA	tissue_x	38	G00002	drug_002	moa_A	3.16227766016838	46.6	0	72	0
plate_31	CL00015	cellline_FA	tissue_x	42	G00002	drug_002	moa_A	3.16227766016838	22.1	0	72	0
plate_31	CL00011	cellline_BA	tissue_x	26	G00003	drug_003	moa_A	3.16227766016838	49.9	0	72	0
plate_31	CL00012	cellline_CA	tissue_x	30	G00003	drug_003	moa_A	3.16227766016838	71.1	0	72	0
plate_31	CL00013	cellline_DA	tissue_x	34	G00003	drug_003	moa_A	3.16227766016838	37.4	0	72	0
plate_31	CL00014	cellline_EA	tissue_x	38	G00003	drug_003	moa_A	3.16227766016838	31.7	0	72	0
plate_31	CL00015	cellline_FA	tissue_x	42	G00003	drug_003	moa_A	3.16227766016838	57.9	0	72	0
plate_11	CL00011	cellline_BA	tissue_x	26	G00002	drug_002	moa_A	10	35.8	0	72	0
plate_11	CL00012	cellline_CA	tissue_x	30	G00002	drug_002	moa_A	10	58.3	0	72	0
plate_11	CL00013	cellline_DA	tissue_x	34	G00002	drug_002	moa_A	10	37.6	0	72	0
plate_11	CL00014	cellline_EA	tissue_x	38	G00002	drug_002	moa_A	10	46.6	0	72	0
plate_11	CL00015	cellline_FA	tissue_x	42	G00002	drug_002	moa_A	10	22.1	0	72	0
plate_11	CL00011	cellline_BA	tissue_x	26	G00003	drug_003	moa_A	10	49.9	0	72	0
plate_11	CL00012	cellline_CA	tissue_x	30	G00003	drug_003	moa_A	10	71.1	0	72	0
plate_11	CL00013	cellline_DA	tissue_x	34	G00003	drug_003	moa_A	10	37.4	0	72	0
plate_11	CL00014	cellline_EA	tissue_x	38	G00003	drug_003	moa_A	10	31.7	0	72	0
plate_11	CL00015	cellline_FA	tissue_x	42	G00003	drug_003	moa_A	10	57.9	0	72	0
plate_21	CL00011	cellline_BA	tissue_x	26	G00002	drug_002	moa_A	10	35.8	0	72	0
plate_21	CL00012	cellline_CA	tissue_x	30	G00002	drug_002	moa_A	10	58.3	0	72	0
plate_21	CL00013	cellline_DA	tissue_x	34	G00002	drug_002	moa_A	10	37.6	0	72	0
plate_21	CL00014	cellline_EA	tissue_x	38	G00002	drug_002	moa_A	10	46.6	0	72	0
plate_21	CL00015	cellline_FA	tissue_x	42	G00002	drug_002	moa_A	10	22.1	0	72	0
plate_21	CL00011	cellline_BA	tissue_x	26	G00003	drug_003	moa_A	10	49.9	0	72	0
plate_21	CL00012	cellline_CA	tissue_x	30	G00003	drug_003	moa_A	10	71.1	0	72	0
plate_21	CL00013	cellline_DA	tissue_x	34	G00003	drug_003	moa_A	10	37.4	0	72	0
plate_21	CL00014	cellline_EA	tissue_x	38	G00003	drug_003	moa_A	10	31.7	0	72	0
plate_21	CL00015	cellline_FA	tissue_x	42	G00003	drug_003	moa_A	10	57.9	0	72	0
plate_31	CL00011	cellline_BA	tissue_x	26	G00002	drug_002	moa_A	10	35.8	0	72	0
plate_31	CL00012	cellline_CA	tissue_x	30	G00002	drug_002	moa_A	10	58.3	0	72	0
plate_31	CL00013	cellline_DA	tissue_x	34	G00002	drug_002	moa_A	10	37.6	0	72	0
plate_31	CL00014	cellline_EA	tissue_x	38	G00002	drug_002	moa_A	10	46.6	0	72	0
plate_31	CL00015	cellline_FA	tissue_x	42	G00002	drug_002	moa_A	10	22.1	0	72	0
plate_31	CL00011	cellline_BA	tissue_x	26	G00003	drug_003	moa_A	10	49.9	0	72	0
plate_31	CL00012	cellline_CA	tissue_x	30	G00003	drug_003	moa_A	10	71.1	0	72	0
plate_31	CL00013	cellline_DA	tissue_x	34	G00003	drug_003	moa_A	10	37.4	0	72	0
plate_31	CL00014	cellline_EA	tissue_x	38	G00003	drug_003	moa_A	10	31.7	0	72	0
plate_31	CL00015	cellline_FA	tissue_x	42	G00003	drug_003	moa_A	10	57.9	0	72	0
